filename,resource_kind,label,category,subtype,expected_constraint
compliant/compliant-pod-0000.yaml,Pod,0,none,none,
compliant/compliant-pod-0001.yaml,Pod,0,none,none,
compliant/compliant-pod-0002.yaml,Pod,0,none,none,
compliant/compliant-pod-0003.yaml,Pod,0,none,none,
compliant/compliant-pod-0004.yaml,Pod,0,none,none,
compliant/compliant-pod-0005.yaml,Pod,0,none,none,
compliant/compliant-pod-0006.yaml,Pod,0,none,none,
compliant/compliant-pod-0007.yaml,Pod,0,none,none,
compliant/compliant-pod-0008.yaml,Pod,0,none,none,
compliant/compliant-pod-0009.yaml,Pod,0,none,none,
compliant/compliant-pod-0010.yaml,Pod,0,none,none,
compliant/compliant-pod-0011.yaml,Pod,0,none,none,
compliant/compliant-pod-0012.yaml,Pod,0,none,none,
compliant/compliant-pod-0013.yaml,Pod,0,none,none,
compliant/compliant-pod-0014.yaml,Pod,0,none,none,
compliant/compliant-pod-0015.yaml,Pod,0,none,none,
compliant/compliant-pod-0016.yaml,Pod,0,none,none,
compliant/compliant-pod-0017.yaml,Pod,0,none,none,
compliant/compliant-pod-0018.yaml,Pod,0,none,none,
compliant/compliant-pod-0019.yaml,Pod,0,none,none,
compliant/compliant-pod-0020.yaml,Pod,0,none,none,
compliant/compliant-pod-0021.yaml,Pod,0,none,none,
compliant/compliant-pod-0022.yaml,Pod,0,none,none,
compliant/compliant-pod-0023.yaml,Pod,0,none,none,
compliant/compliant-pod-0024.yaml,Pod,0,none,none,
compliant/compliant-pod-0025.yaml,Pod,0,none,none,
compliant/compliant-pod-0026.yaml,Pod,0,none,none,
compliant/compliant-pod-0027.yaml,Pod,0,none,none,
compliant/compliant-pod-0028.yaml,Pod,0,none,none,
compliant/compliant-pod-0029.yaml,Pod,0,none,none,
compliant/compliant-pod-0030.yaml,Pod,0,none,none,
compliant/compliant-pod-0031.yaml,Pod,0,none,none,
compliant/compliant-pod-0032.yaml,Pod,0,none,none,
compliant/compliant-pod-0033.yaml,Pod,0,none,none,
compliant/compliant-pod-0034.yaml,Pod,0,none,none,
compliant/compliant-pod-0035.yaml,Pod,0,none,none,
compliant/compliant-pod-0036.yaml,Pod,0,none,none,
compliant/compliant-pod-0037.yaml,Pod,0,none,none,
compliant/compliant-pod-0038.yaml,Pod,0,none,none,
compliant/compliant-pod-0039.yaml,Pod,0,none,none,
compliant/compliant-pod-0040.yaml,Pod,0,none,none,
compliant/compliant-pod-0041.yaml,Pod,0,none,none,
compliant/compliant-pod-0042.yaml,Pod,0,none,none,
compliant/compliant-pod-0043.yaml,Pod,0,none,none,
compliant/compliant-pod-0044.yaml,Pod,0,none,none,
compliant/compliant-pod-0045.yaml,Pod,0,none,none,
compliant/compliant-pod-0046.yaml,Pod,0,none,none,
compliant/compliant-pod-0047.yaml,Pod,0,none,none,
compliant/compliant-pod-0048.yaml,Pod,0,none,none,
compliant/compliant-pod-0049.yaml,Pod,0,none,none,
compliant/compliant-pod-0050.yaml,Pod,0,none,none,
compliant/compliant-pod-0051.yaml,Pod,0,none,none,
compliant/compliant-pod-0052.yaml,Pod,0,none,none,
compliant/compliant-pod-0053.yaml,Pod,0,none,none,
compliant/compliant-pod-0054.yaml,Pod,0,none,none,
compliant/compliant-pod-0055.yaml,Pod,0,none,none,
compliant/compliant-pod-0056.yaml,Pod,0,none,none,
compliant/compliant-pod-0057.yaml,Pod,0,none,none,
compliant/compliant-pod-0058.yaml,Pod,0,none,none,
compliant/compliant-pod-0059.yaml,Pod,0,none,none,
compliant/compliant-pod-0060.yaml,Pod,0,none,none,
compliant/compliant-pod-0061.yaml,Pod,0,none,none,
compliant/compliant-pod-0062.yaml,Pod,0,none,none,
compliant/compliant-pod-0063.yaml,Pod,0,none,none,
compliant/compliant-pod-0064.yaml,Pod,0,none,none,
compliant/compliant-pod-0065.yaml,Pod,0,none,none,
compliant/compliant-pod-0066.yaml,Pod,0,none,none,
compliant/compliant-pod-0067.yaml,Pod,0,none,none,
compliant/compliant-pod-0068.yaml,Pod,0,none,none,
compliant/compliant-pod-0069.yaml,Pod,0,none,none,
compliant/compliant-pod-0070.yaml,Pod,0,none,none,
compliant/compliant-pod-0071.yaml,Pod,0,none,none,
compliant/compliant-pod-0072.yaml,Pod,0,none,none,
compliant/compliant-pod-0073.yaml,Pod,0,none,none,
compliant/compliant-pod-0074.yaml,Pod,0,none,none,
compliant/compliant-pod-0075.yaml,Pod,0,none,none,
compliant/compliant-pod-0076.yaml,Pod,0,none,none,
compliant/compliant-pod-0077.yaml,Pod,0,none,none,
compliant/compliant-pod-0078.yaml,Pod,0,none,none,
compliant/compliant-pod-0079.yaml,Pod,0,none,none,
compliant/compliant-pod-0080.yaml,Pod,0,none,none,
compliant/compliant-pod-0081.yaml,Pod,0,none,none,
compliant/compliant-pod-0082.yaml,Pod,0,none,none,
compliant/compliant-pod-0083.yaml,Pod,0,none,none,
compliant/compliant-pod-0084.yaml,Pod,0,none,none,
compliant/compliant-pod-0085.yaml,Pod,0,none,none,
compliant/compliant-pod-0086.yaml,Pod,0,none,none,
compliant/compliant-pod-0087.yaml,Pod,0,none,none,
compliant/compliant-pod-0088.yaml,Pod,0,none,none,
compliant/compliant-pod-0089.yaml,Pod,0,none,none,
compliant/compliant-pod-0090.yaml,Pod,0,none,none,
compliant/compliant-pod-0091.yaml,Pod,0,none,none,
compliant/compliant-pod-0092.yaml,Pod,0,none,none,
compliant/compliant-pod-0093.yaml,Pod,0,none,none,
compliant/compliant-pod-0094.yaml,Pod,0,none,none,
compliant/compliant-pod-0095.yaml,Pod,0,none,none,
compliant/compliant-pod-0096.yaml,Pod,0,none,none,
compliant/compliant-pod-0097.yaml,Pod,0,none,none,
compliant/compliant-pod-0098.yaml,Pod,0,none,none,
compliant/compliant-pod-0099.yaml,Pod,0,none,none,
compliant/compliant-pod-0100.yaml,Pod,0,none,none,
compliant/compliant-pod-0101.yaml,Pod,0,none,none,
compliant/compliant-pod-0102.yaml,Pod,0,none,none,
compliant/compliant-pod-0103.yaml,Pod,0,none,none,
compliant/compliant-pod-0104.yaml,Pod,0,none,none,
compliant/compliant-pod-0105.yaml,Pod,0,none,none,
compliant/compliant-pod-0106.yaml,Pod,0,none,none,
compliant/compliant-pod-0107.yaml,Pod,0,none,none,
compliant/compliant-pod-0108.yaml,Pod,0,none,none,
compliant/compliant-pod-0109.yaml,Pod,0,none,none,
compliant/compliant-pod-0110.yaml,Pod,0,none,none,
compliant/compliant-pod-0111.yaml,Pod,0,none,none,
compliant/compliant-pod-0112.yaml,Pod,0,none,none,
compliant/compliant-pod-0113.yaml,Pod,0,none,none,
compliant/compliant-pod-0114.yaml,Pod,0,none,none,
compliant/compliant-pod-0115.yaml,Pod,0,none,none,
compliant/compliant-pod-0116.yaml,Pod,0,none,none,
compliant/compliant-pod-0117.yaml,Pod,0,none,none,
compliant/compliant-pod-0118.yaml,Pod,0,none,none,
compliant/compliant-pod-0119.yaml,Pod,0,none,none,
compliant/compliant-pod-0120.yaml,Pod,0,none,none,
compliant/compliant-pod-0121.yaml,Pod,0,none,none,
compliant/compliant-pod-0122.yaml,Pod,0,none,none,
compliant/compliant-pod-0123.yaml,Pod,0,none,none,
compliant/compliant-pod-0124.yaml,Pod,0,none,none,
compliant/compliant-pod-0125.yaml,Pod,0,none,none,
compliant/compliant-pod-0126.yaml,Pod,0,none,none,
compliant/compliant-pod-0127.yaml,Pod,0,none,none,
compliant/compliant-pod-0128.yaml,Pod,0,none,none,
compliant/compliant-pod-0129.yaml,Pod,0,none,none,
compliant/compliant-pod-0130.yaml,Pod,0,none,none,
compliant/compliant-pod-0131.yaml,Pod,0,none,none,
compliant/compliant-pod-0132.yaml,Pod,0,none,none,
compliant/compliant-pod-0133.yaml,Pod,0,none,none,
compliant/compliant-pod-0134.yaml,Pod,0,none,none,
compliant/compliant-pod-0135.yaml,Pod,0,none,none,
compliant/compliant-pod-0136.yaml,Pod,0,none,none,
compliant/compliant-pod-0137.yaml,Pod,0,none,none,
compliant/compliant-pod-0138.yaml,Pod,0,none,none,
compliant/compliant-pod-0139.yaml,Pod,0,none,none,
compliant/compliant-pod-0140.yaml,Pod,0,none,none,
compliant/compliant-pod-0141.yaml,Pod,0,none,none,
compliant/compliant-pod-0142.yaml,Pod,0,none,none,
compliant/compliant-pod-0143.yaml,Pod,0,none,none,
compliant/compliant-pod-0144.yaml,Pod,0,none,none,
compliant/compliant-pod-0145.yaml,Pod,0,none,none,
compliant/compliant-pod-0146.yaml,Pod,0,none,none,
compliant/compliant-pod-0147.yaml,Pod,0,none,none,
compliant/compliant-pod-0148.yaml,Pod,0,none,none,
compliant/compliant-pod-0149.yaml,Pod,0,none,none,
compliant/compliant-pod-0150.yaml,Pod,0,none,none,
compliant/compliant-pod-0151.yaml,Pod,0,none,none,
compliant/compliant-pod-0152.yaml,Pod,0,none,none,
compliant/compliant-pod-0153.yaml,Pod,0,none,none,
compliant/compliant-pod-0154.yaml,Pod,0,none,none,
compliant/compliant-pod-0155.yaml,Pod,0,none,none,
compliant/compliant-pod-0156.yaml,Pod,0,none,none,
compliant/compliant-pod-0157.yaml,Pod,0,none,none,
compliant/compliant-pod-0158.yaml,Pod,0,none,none,
compliant/compliant-pod-0159.yaml,Pod,0,none,none,
compliant/compliant-pod-0160.yaml,Pod,0,none,none,
compliant/compliant-pod-0161.yaml,Pod,0,none,none,
compliant/compliant-pod-0162.yaml,Pod,0,none,none,
compliant/compliant-pod-0163.yaml,Pod,0,none,none,
compliant/compliant-pod-0164.yaml,Pod,0,none,none,
compliant/compliant-pod-0165.yaml,Pod,0,none,none,
compliant/compliant-pod-0166.yaml,Pod,0,none,none,
compliant/compliant-pod-0167.yaml,Pod,0,none,none,
compliant/compliant-pod-0168.yaml,Pod,0,none,none,
compliant/compliant-pod-0169.yaml,Pod,0,none,none,
compliant/compliant-pod-0170.yaml,Pod,0,none,none,
compliant/compliant-pod-0171.yaml,Pod,0,none,none,
compliant/compliant-pod-0172.yaml,Pod,0,none,none,
compliant/compliant-pod-0173.yaml,Pod,0,none,none,
compliant/compliant-pod-0174.yaml,Pod,0,none,none,
compliant/compliant-pod-0175.yaml,Pod,0,none,none,
compliant/compliant-pod-0176.yaml,Pod,0,none,none,
compliant/compliant-pod-0177.yaml,Pod,0,none,none,
compliant/compliant-pod-0178.yaml,Pod,0,none,none,
compliant/compliant-pod-0179.yaml,Pod,0,none,none,
compliant/compliant-pod-0180.yaml,Pod,0,none,none,
compliant/compliant-pod-0181.yaml,Pod,0,none,none,
compliant/compliant-pod-0182.yaml,Pod,0,none,none,
compliant/compliant-pod-0183.yaml,Pod,0,none,none,
compliant/compliant-pod-0184.yaml,Pod,0,none,none,
compliant/compliant-pod-0185.yaml,Pod,0,none,none,
compliant/compliant-pod-0186.yaml,Pod,0,none,none,
compliant/compliant-pod-0187.yaml,Pod,0,none,none,
compliant/compliant-pod-0188.yaml,Pod,0,none,none,
compliant/compliant-pod-0189.yaml,Pod,0,none,none,
compliant/compliant-pod-0190.yaml,Pod,0,none,none,
compliant/compliant-pod-0191.yaml,Pod,0,none,none,
compliant/compliant-pod-0192.yaml,Pod,0,none,none,
compliant/compliant-pod-0193.yaml,Pod,0,none,none,
compliant/compliant-pod-0194.yaml,Pod,0,none,none,
compliant/compliant-pod-0195.yaml,Pod,0,none,none,
compliant/compliant-pod-0196.yaml,Pod,0,none,none,
compliant/compliant-pod-0197.yaml,Pod,0,none,none,
compliant/compliant-pod-0198.yaml,Pod,0,none,none,
compliant/compliant-pod-0199.yaml,Pod,0,none,none,
compliant/compliant-pod-0200.yaml,Pod,0,none,none,
compliant/compliant-pod-0201.yaml,Pod,0,none,none,
compliant/compliant-pod-0202.yaml,Pod,0,none,none,
compliant/compliant-pod-0203.yaml,Pod,0,none,none,
compliant/compliant-pod-0204.yaml,Pod,0,none,none,
compliant/compliant-pod-0205.yaml,Pod,0,none,none,
compliant/compliant-pod-0206.yaml,Pod,0,none,none,
compliant/compliant-pod-0207.yaml,Pod,0,none,none,
compliant/compliant-pod-0208.yaml,Pod,0,none,none,
compliant/compliant-pod-0209.yaml,Pod,0,none,none,
compliant/compliant-pod-0210.yaml,Pod,0,none,none,
compliant/compliant-pod-0211.yaml,Pod,0,none,none,
compliant/compliant-pod-0212.yaml,Pod,0,none,none,
compliant/compliant-pod-0213.yaml,Pod,0,none,none,
compliant/compliant-pod-0214.yaml,Pod,0,none,none,
compliant/compliant-pod-0215.yaml,Pod,0,none,none,
compliant/compliant-pod-0216.yaml,Pod,0,none,none,
compliant/compliant-pod-0217.yaml,Pod,0,none,none,
compliant/compliant-pod-0218.yaml,Pod,0,none,none,
compliant/compliant-pod-0219.yaml,Pod,0,none,none,
compliant/compliant-pod-0220.yaml,Pod,0,none,none,
compliant/compliant-pod-0221.yaml,Pod,0,none,none,
compliant/compliant-pod-0222.yaml,Pod,0,none,none,
compliant/compliant-pod-0223.yaml,Pod,0,none,none,
compliant/compliant-pod-0224.yaml,Pod,0,none,none,
compliant/compliant-pod-0225.yaml,Pod,0,none,none,
compliant/compliant-pod-0226.yaml,Pod,0,none,none,
compliant/compliant-pod-0227.yaml,Pod,0,none,none,
compliant/compliant-pod-0228.yaml,Pod,0,none,none,
compliant/compliant-pod-0229.yaml,Pod,0,none,none,
compliant/compliant-pod-0230.yaml,Pod,0,none,none,
compliant/compliant-pod-0231.yaml,Pod,0,none,none,
compliant/compliant-pod-0232.yaml,Pod,0,none,none,
compliant/compliant-pod-0233.yaml,Pod,0,none,none,
compliant/compliant-pod-0234.yaml,Pod,0,none,none,
compliant/compliant-pod-0235.yaml,Pod,0,none,none,
compliant/compliant-pod-0236.yaml,Pod,0,none,none,
compliant/compliant-pod-0237.yaml,Pod,0,none,none,
compliant/compliant-pod-0238.yaml,Pod,0,none,none,
compliant/compliant-pod-0239.yaml,Pod,0,none,none,
compliant/compliant-pod-0240.yaml,Pod,0,none,none,
compliant/compliant-pod-0241.yaml,Pod,0,none,none,
compliant/compliant-pod-0242.yaml,Pod,0,none,none,
compliant/compliant-pod-0243.yaml,Pod,0,none,none,
compliant/compliant-pod-0244.yaml,Pod,0,none,none,
compliant/compliant-pod-0245.yaml,Pod,0,none,none,
compliant/compliant-pod-0246.yaml,Pod,0,none,none,
compliant/compliant-pod-0247.yaml,Pod,0,none,none,
compliant/compliant-pod-0248.yaml,Pod,0,none,none,
compliant/compliant-pod-0249.yaml,Pod,0,none,none,
compliant/compliant-pod-0250.yaml,Pod,0,none,none,
compliant/compliant-pod-0251.yaml,Pod,0,none,none,
compliant/compliant-pod-0252.yaml,Pod,0,none,none,
compliant/compliant-pod-0253.yaml,Pod,0,none,none,
compliant/compliant-pod-0254.yaml,Pod,0,none,none,
compliant/compliant-pod-0255.yaml,Pod,0,none,none,
compliant/compliant-pod-0256.yaml,Pod,0,none,none,
compliant/compliant-pod-0257.yaml,Pod,0,none,none,
compliant/compliant-pod-0258.yaml,Pod,0,none,none,
compliant/compliant-pod-0259.yaml,Pod,0,none,none,
compliant/compliant-pod-0260.yaml,Pod,0,none,none,
compliant/compliant-pod-0261.yaml,Pod,0,none,none,
compliant/compliant-pod-0262.yaml,Pod,0,none,none,
compliant/compliant-pod-0263.yaml,Pod,0,none,none,
compliant/compliant-pod-0264.yaml,Pod,0,none,none,
compliant/compliant-pod-0265.yaml,Pod,0,none,none,
compliant/compliant-pod-0266.yaml,Pod,0,none,none,
compliant/compliant-pod-0267.yaml,Pod,0,none,none,
compliant/compliant-pod-0268.yaml,Pod,0,none,none,
compliant/compliant-pod-0269.yaml,Pod,0,none,none,
compliant/compliant-pod-0270.yaml,Pod,0,none,none,
compliant/compliant-pod-0271.yaml,Pod,0,none,none,
compliant/compliant-pod-0272.yaml,Pod,0,none,none,
compliant/compliant-pod-0273.yaml,Pod,0,none,none,
compliant/compliant-pod-0274.yaml,Pod,0,none,none,
compliant/compliant-pod-0275.yaml,Pod,0,none,none,
compliant/compliant-pod-0276.yaml,Pod,0,none,none,
compliant/compliant-pod-0277.yaml,Pod,0,none,none,
compliant/compliant-pod-0278.yaml,Pod,0,none,none,
compliant/compliant-pod-0279.yaml,Pod,0,none,none,
compliant/compliant-pod-0280.yaml,Pod,0,none,none,
compliant/compliant-pod-0281.yaml,Pod,0,none,none,
compliant/compliant-pod-0282.yaml,Pod,0,none,none,
compliant/compliant-pod-0283.yaml,Pod,0,none,none,
compliant/compliant-pod-0284.yaml,Pod,0,none,none,
compliant/compliant-pod-0285.yaml,Pod,0,none,none,
compliant/compliant-pod-0286.yaml,Pod,0,none,none,
compliant/compliant-pod-0287.yaml,Pod,0,none,none,
compliant/compliant-pod-0288.yaml,Pod,0,none,none,
compliant/compliant-pod-0289.yaml,Pod,0,none,none,
compliant/compliant-pod-0290.yaml,Pod,0,none,none,
compliant/compliant-pod-0291.yaml,Pod,0,none,none,
compliant/compliant-pod-0292.yaml,Pod,0,none,none,
compliant/compliant-pod-0293.yaml,Pod,0,none,none,
compliant/compliant-pod-0294.yaml,Pod,0,none,none,
compliant/compliant-pod-0295.yaml,Pod,0,none,none,
compliant/compliant-pod-0296.yaml,Pod,0,none,none,
compliant/compliant-pod-0297.yaml,Pod,0,none,none,
compliant/compliant-pod-0298.yaml,Pod,0,none,none,
compliant/compliant-pod-0299.yaml,Pod,0,none,none,
compliant/compliant-pod-0300.yaml,Pod,0,none,none,
compliant/compliant-pod-0301.yaml,Pod,0,none,none,
compliant/compliant-pod-0302.yaml,Pod,0,none,none,
compliant/compliant-pod-0303.yaml,Pod,0,none,none,
compliant/compliant-pod-0304.yaml,Pod,0,none,none,
compliant/compliant-pod-0305.yaml,Pod,0,none,none,
compliant/compliant-pod-0306.yaml,Pod,0,none,none,
compliant/compliant-pod-0307.yaml,Pod,0,none,none,
compliant/compliant-pod-0308.yaml,Pod,0,none,none,
compliant/compliant-pod-0309.yaml,Pod,0,none,none,
compliant/compliant-pod-0310.yaml,Pod,0,none,none,
compliant/compliant-pod-0311.yaml,Pod,0,none,none,
compliant/compliant-pod-0312.yaml,Pod,0,none,none,
compliant/compliant-pod-0313.yaml,Pod,0,none,none,
compliant/compliant-pod-0314.yaml,Pod,0,none,none,
compliant/compliant-pod-0315.yaml,Pod,0,none,none,
compliant/compliant-pod-0316.yaml,Pod,0,none,none,
compliant/compliant-pod-0317.yaml,Pod,0,none,none,
compliant/compliant-pod-0318.yaml,Pod,0,none,none,
compliant/compliant-pod-0319.yaml,Pod,0,none,none,
compliant/compliant-pod-0320.yaml,Pod,0,none,none,
compliant/compliant-pod-0321.yaml,Pod,0,none,none,
compliant/compliant-pod-0322.yaml,Pod,0,none,none,
compliant/compliant-pod-0323.yaml,Pod,0,none,none,
compliant/compliant-pod-0324.yaml,Pod,0,none,none,
compliant/compliant-pod-0325.yaml,Pod,0,none,none,
compliant/compliant-pod-0326.yaml,Pod,0,none,none,
compliant/compliant-pod-0327.yaml,Pod,0,none,none,
compliant/compliant-pod-0328.yaml,Pod,0,none,none,
compliant/compliant-pod-0329.yaml,Pod,0,none,none,
compliant/compliant-pod-0330.yaml,Pod,0,none,none,
compliant/compliant-pod-0331.yaml,Pod,0,none,none,
compliant/compliant-pod-0332.yaml,Pod,0,none,none,
compliant/compliant-pod-0333.yaml,Pod,0,none,none,
compliant/compliant-pod-0334.yaml,Pod,0,none,none,
compliant/compliant-pod-0335.yaml,Pod,0,none,none,
compliant/compliant-pod-0336.yaml,Pod,0,none,none,
compliant/compliant-pod-0337.yaml,Pod,0,none,none,
compliant/compliant-pod-0338.yaml,Pod,0,none,none,
compliant/compliant-pod-0339.yaml,Pod,0,none,none,
compliant/compliant-pod-0340.yaml,Pod,0,none,none,
compliant/compliant-pod-0341.yaml,Pod,0,none,none,
compliant/compliant-pod-0342.yaml,Pod,0,none,none,
compliant/compliant-pod-0343.yaml,Pod,0,none,none,
compliant/compliant-pod-0344.yaml,Pod,0,none,none,
compliant/compliant-pod-0345.yaml,Pod,0,none,none,
compliant/compliant-pod-0346.yaml,Pod,0,none,none,
compliant/compliant-pod-0347.yaml,Pod,0,none,none,
compliant/compliant-pod-0348.yaml,Pod,0,none,none,
compliant/compliant-pod-0349.yaml,Pod,0,none,none,
compliant/compliant-pod-0350.yaml,Pod,0,none,none,
compliant/compliant-pod-0351.yaml,Pod,0,none,none,
compliant/compliant-pod-0352.yaml,Pod,0,none,none,
compliant/compliant-pod-0353.yaml,Pod,0,none,none,
compliant/compliant-pod-0354.yaml,Pod,0,none,none,
compliant/compliant-pod-0355.yaml,Pod,0,none,none,
compliant/compliant-pod-0356.yaml,Pod,0,none,none,
compliant/compliant-pod-0357.yaml,Pod,0,none,none,
compliant/compliant-pod-0358.yaml,Pod,0,none,none,
compliant/compliant-pod-0359.yaml,Pod,0,none,none,
compliant/compliant-pod-0360.yaml,Pod,0,none,none,
compliant/compliant-pod-0361.yaml,Pod,0,none,none,
compliant/compliant-pod-0362.yaml,Pod,0,none,none,
compliant/compliant-pod-0363.yaml,Pod,0,none,none,
compliant/compliant-pod-0364.yaml,Pod,0,none,none,
compliant/compliant-pod-0365.yaml,Pod,0,none,none,
compliant/compliant-pod-0366.yaml,Pod,0,none,none,
compliant/compliant-pod-0367.yaml,Pod,0,none,none,
compliant/compliant-pod-0368.yaml,Pod,0,none,none,
compliant/compliant-pod-0369.yaml,Pod,0,none,none,
compliant/compliant-pod-0370.yaml,Pod,0,none,none,
compliant/compliant-pod-0371.yaml,Pod,0,none,none,
compliant/compliant-pod-0372.yaml,Pod,0,none,none,
compliant/compliant-pod-0373.yaml,Pod,0,none,none,
compliant/compliant-pod-0374.yaml,Pod,0,none,none,
compliant/compliant-pod-0375.yaml,Pod,0,none,none,
compliant/compliant-pod-0376.yaml,Pod,0,none,none,
compliant/compliant-pod-0377.yaml,Pod,0,none,none,
compliant/compliant-pod-0378.yaml,Pod,0,none,none,
compliant/compliant-pod-0379.yaml,Pod,0,none,none,
compliant/compliant-pod-0380.yaml,Pod,0,none,none,
compliant/compliant-pod-0381.yaml,Pod,0,none,none,
compliant/compliant-pod-0382.yaml,Pod,0,none,none,
compliant/compliant-pod-0383.yaml,Pod,0,none,none,
compliant/compliant-pod-0384.yaml,Pod,0,none,none,
compliant/compliant-pod-0385.yaml,Pod,0,none,none,
compliant/compliant-pod-0386.yaml,Pod,0,none,none,
compliant/compliant-pod-0387.yaml,Pod,0,none,none,
compliant/compliant-pod-0388.yaml,Pod,0,none,none,
compliant/compliant-pod-0389.yaml,Pod,0,none,none,
compliant/compliant-pod-0390.yaml,Pod,0,none,none,
compliant/compliant-pod-0391.yaml,Pod,0,none,none,
compliant/compliant-pod-0392.yaml,Pod,0,none,none,
compliant/compliant-pod-0393.yaml,Pod,0,none,none,
compliant/compliant-pod-0394.yaml,Pod,0,none,none,
compliant/compliant-pod-0395.yaml,Pod,0,none,none,
compliant/compliant-pod-0396.yaml,Pod,0,none,none,
compliant/compliant-pod-0397.yaml,Pod,0,none,none,
compliant/compliant-pod-0398.yaml,Pod,0,none,none,
compliant/compliant-pod-0399.yaml,Pod,0,none,none,
compliant/compliant-pod-0400.yaml,Pod,0,none,none,
compliant/compliant-pod-0401.yaml,Pod,0,none,none,
compliant/compliant-pod-0402.yaml,Pod,0,none,none,
compliant/compliant-pod-0403.yaml,Pod,0,none,none,
compliant/compliant-pod-0404.yaml,Pod,0,none,none,
compliant/compliant-pod-0405.yaml,Pod,0,none,none,
compliant/compliant-pod-0406.yaml,Pod,0,none,none,
compliant/compliant-pod-0407.yaml,Pod,0,none,none,
compliant/compliant-pod-0408.yaml,Pod,0,none,none,
compliant/compliant-pod-0409.yaml,Pod,0,none,none,
compliant/compliant-pod-0410.yaml,Pod,0,none,none,
compliant/compliant-pod-0411.yaml,Pod,0,none,none,
compliant/compliant-pod-0412.yaml,Pod,0,none,none,
compliant/compliant-pod-0413.yaml,Pod,0,none,none,
compliant/compliant-pod-0414.yaml,Pod,0,none,none,
compliant/compliant-pod-0415.yaml,Pod,0,none,none,
compliant/compliant-pod-0416.yaml,Pod,0,none,none,
compliant/compliant-pod-0417.yaml,Pod,0,none,none,
compliant/compliant-pod-0418.yaml,Pod,0,none,none,
compliant/compliant-pod-0419.yaml,Pod,0,none,none,
compliant/compliant-pod-0420.yaml,Pod,0,none,none,
compliant/compliant-pod-0421.yaml,Pod,0,none,none,
compliant/compliant-pod-0422.yaml,Pod,0,none,none,
compliant/compliant-pod-0423.yaml,Pod,0,none,none,
compliant/compliant-pod-0424.yaml,Pod,0,none,none,
compliant/compliant-pod-0425.yaml,Pod,0,none,none,
compliant/compliant-pod-0426.yaml,Pod,0,none,none,
compliant/compliant-pod-0427.yaml,Pod,0,none,none,
compliant/compliant-pod-0428.yaml,Pod,0,none,none,
compliant/compliant-pod-0429.yaml,Pod,0,none,none,
compliant/compliant-pod-0430.yaml,Pod,0,none,none,
compliant/compliant-pod-0431.yaml,Pod,0,none,none,
compliant/compliant-pod-0432.yaml,Pod,0,none,none,
compliant/compliant-pod-0433.yaml,Pod,0,none,none,
compliant/compliant-pod-0434.yaml,Pod,0,none,none,
compliant/compliant-pod-0435.yaml,Pod,0,none,none,
compliant/compliant-pod-0436.yaml,Pod,0,none,none,
compliant/compliant-pod-0437.yaml,Pod,0,none,none,
compliant/compliant-pod-0438.yaml,Pod,0,none,none,
compliant/compliant-pod-0439.yaml,Pod,0,none,none,
compliant/compliant-pod-0440.yaml,Pod,0,none,none,
compliant/compliant-pod-0441.yaml,Pod,0,none,none,
compliant/compliant-pod-0442.yaml,Pod,0,none,none,
compliant/compliant-pod-0443.yaml,Pod,0,none,none,
compliant/compliant-pod-0444.yaml,Pod,0,none,none,
compliant/compliant-pod-0445.yaml,Pod,0,none,none,
compliant/compliant-pod-0446.yaml,Pod,0,none,none,
compliant/compliant-pod-0447.yaml,Pod,0,none,none,
compliant/compliant-pod-0448.yaml,Pod,0,none,none,
compliant/compliant-pod-0449.yaml,Pod,0,none,none,
compliant/compliant-pod-0450.yaml,Pod,0,none,none,
compliant/compliant-pod-0451.yaml,Pod,0,none,none,
compliant/compliant-pod-0452.yaml,Pod,0,none,none,
compliant/compliant-pod-0453.yaml,Pod,0,none,none,
compliant/compliant-pod-0454.yaml,Pod,0,none,none,
compliant/compliant-pod-0455.yaml,Pod,0,none,none,
compliant/compliant-pod-0456.yaml,Pod,0,none,none,
compliant/compliant-pod-0457.yaml,Pod,0,none,none,
compliant/compliant-pod-0458.yaml,Pod,0,none,none,
compliant/compliant-pod-0459.yaml,Pod,0,none,none,
compliant/compliant-pod-0460.yaml,Pod,0,none,none,
compliant/compliant-pod-0461.yaml,Pod,0,none,none,
compliant/compliant-pod-0462.yaml,Pod,0,none,none,
compliant/compliant-pod-0463.yaml,Pod,0,none,none,
compliant/compliant-pod-0464.yaml,Pod,0,none,none,
compliant/compliant-pod-0465.yaml,Pod,0,none,none,
compliant/compliant-pod-0466.yaml,Pod,0,none,none,
compliant/compliant-pod-0467.yaml,Pod,0,none,none,
compliant/compliant-pod-0468.yaml,Pod,0,none,none,
compliant/compliant-pod-0469.yaml,Pod,0,none,none,
compliant/compliant-pod-0470.yaml,Pod,0,none,none,
compliant/compliant-pod-0471.yaml,Pod,0,none,none,
compliant/compliant-pod-0472.yaml,Pod,0,none,none,
compliant/compliant-pod-0473.yaml,Pod,0,none,none,
compliant/compliant-pod-0474.yaml,Pod,0,none,none,
compliant/compliant-pod-0475.yaml,Pod,0,none,none,
compliant/compliant-pod-0476.yaml,Pod,0,none,none,
compliant/compliant-pod-0477.yaml,Pod,0,none,none,
compliant/compliant-pod-0478.yaml,Pod,0,none,none,
compliant/compliant-pod-0479.yaml,Pod,0,none,none,
compliant/compliant-pod-0480.yaml,Pod,0,none,none,
compliant/compliant-pod-0481.yaml,Pod,0,none,none,
compliant/compliant-pod-0482.yaml,Pod,0,none,none,
compliant/compliant-pod-0483.yaml,Pod,0,none,none,
compliant/compliant-pod-0484.yaml,Pod,0,none,none,
compliant/compliant-pod-0485.yaml,Pod,0,none,none,
compliant/compliant-pod-0486.yaml,Pod,0,none,none,
compliant/compliant-pod-0487.yaml,Pod,0,none,none,
compliant/compliant-pod-0488.yaml,Pod,0,none,none,
compliant/compliant-pod-0489.yaml,Pod,0,none,none,
compliant/compliant-pod-0490.yaml,Pod,0,none,none,
compliant/compliant-pod-0491.yaml,Pod,0,none,none,
compliant/compliant-pod-0492.yaml,Pod,0,none,none,
compliant/compliant-pod-0493.yaml,Pod,0,none,none,
compliant/compliant-pod-0494.yaml,Pod,0,none,none,
compliant/compliant-pod-0495.yaml,Pod,0,none,none,
compliant/compliant-pod-0496.yaml,Pod,0,none,none,
compliant/compliant-pod-0497.yaml,Pod,0,none,none,
compliant/compliant-pod-0498.yaml,Pod,0,none,none,
compliant/compliant-pod-0499.yaml,Pod,0,none,none,
compliant/compliant-pod-0500.yaml,Pod,0,none,none,
compliant/compliant-pod-0501.yaml,Pod,0,none,none,
compliant/compliant-pod-0502.yaml,Pod,0,none,none,
compliant/compliant-pod-0503.yaml,Pod,0,none,none,
compliant/compliant-pod-0504.yaml,Pod,0,none,none,
compliant/compliant-pod-0505.yaml,Pod,0,none,none,
compliant/compliant-pod-0506.yaml,Pod,0,none,none,
compliant/compliant-pod-0507.yaml,Pod,0,none,none,
compliant/compliant-pod-0508.yaml,Pod,0,none,none,
compliant/compliant-pod-0509.yaml,Pod,0,none,none,
compliant/compliant-pod-0510.yaml,Pod,0,none,none,
compliant/compliant-pod-0511.yaml,Pod,0,none,none,
compliant/compliant-pod-0512.yaml,Pod,0,none,none,
compliant/compliant-pod-0513.yaml,Pod,0,none,none,
compliant/compliant-pod-0514.yaml,Pod,0,none,none,
compliant/compliant-pod-0515.yaml,Pod,0,none,none,
compliant/compliant-pod-0516.yaml,Pod,0,none,none,
compliant/compliant-pod-0517.yaml,Pod,0,none,none,
compliant/compliant-pod-0518.yaml,Pod,0,none,none,
compliant/compliant-pod-0519.yaml,Pod,0,none,none,
compliant/compliant-pod-0520.yaml,Pod,0,none,none,
compliant/compliant-pod-0521.yaml,Pod,0,none,none,
compliant/compliant-pod-0522.yaml,Pod,0,none,none,
compliant/compliant-pod-0523.yaml,Pod,0,none,none,
compliant/compliant-pod-0524.yaml,Pod,0,none,none,
compliant/compliant-pod-0525.yaml,Pod,0,none,none,
compliant/compliant-pod-0526.yaml,Pod,0,none,none,
compliant/compliant-pod-0527.yaml,Pod,0,none,none,
compliant/compliant-pod-0528.yaml,Pod,0,none,none,
compliant/compliant-pod-0529.yaml,Pod,0,none,none,
compliant/compliant-pod-0530.yaml,Pod,0,none,none,
compliant/compliant-pod-0531.yaml,Pod,0,none,none,
compliant/compliant-pod-0532.yaml,Pod,0,none,none,
compliant/compliant-pod-0533.yaml,Pod,0,none,none,
compliant/compliant-pod-0534.yaml,Pod,0,none,none,
compliant/compliant-pod-0535.yaml,Pod,0,none,none,
compliant/compliant-pod-0536.yaml,Pod,0,none,none,
compliant/compliant-pod-0537.yaml,Pod,0,none,none,
compliant/compliant-pod-0538.yaml,Pod,0,none,none,
compliant/compliant-pod-0539.yaml,Pod,0,none,none,
compliant/compliant-pod-0540.yaml,Pod,0,none,none,
compliant/compliant-pod-0541.yaml,Pod,0,none,none,
compliant/compliant-pod-0542.yaml,Pod,0,none,none,
compliant/compliant-pod-0543.yaml,Pod,0,none,none,
compliant/compliant-pod-0544.yaml,Pod,0,none,none,
compliant/compliant-pod-0545.yaml,Pod,0,none,none,
compliant/compliant-pod-0546.yaml,Pod,0,none,none,
compliant/compliant-pod-0547.yaml,Pod,0,none,none,
compliant/compliant-pod-0548.yaml,Pod,0,none,none,
compliant/compliant-pod-0549.yaml,Pod,0,none,none,
compliant/compliant-pod-0550.yaml,Pod,0,none,none,
compliant/compliant-pod-0551.yaml,Pod,0,none,none,
compliant/compliant-pod-0552.yaml,Pod,0,none,none,
compliant/compliant-pod-0553.yaml,Pod,0,none,none,
compliant/compliant-pod-0554.yaml,Pod,0,none,none,
compliant/compliant-pod-0555.yaml,Pod,0,none,none,
compliant/compliant-pod-0556.yaml,Pod,0,none,none,
compliant/compliant-pod-0557.yaml,Pod,0,none,none,
compliant/compliant-pod-0558.yaml,Pod,0,none,none,
compliant/compliant-pod-0559.yaml,Pod,0,none,none,
compliant/compliant-pod-0560.yaml,Pod,0,none,none,
compliant/compliant-pod-0561.yaml,Pod,0,none,none,
compliant/compliant-pod-0562.yaml,Pod,0,none,none,
compliant/compliant-pod-0563.yaml,Pod,0,none,none,
compliant/compliant-pod-0564.yaml,Pod,0,none,none,
compliant/compliant-pod-0565.yaml,Pod,0,none,none,
compliant/compliant-pod-0566.yaml,Pod,0,none,none,
compliant/compliant-pod-0567.yaml,Pod,0,none,none,
compliant/compliant-pod-0568.yaml,Pod,0,none,none,
compliant/compliant-pod-0569.yaml,Pod,0,none,none,
compliant/compliant-pod-0570.yaml,Pod,0,none,none,
compliant/compliant-pod-0571.yaml,Pod,0,none,none,
compliant/compliant-pod-0572.yaml,Pod,0,none,none,
compliant/compliant-pod-0573.yaml,Pod,0,none,none,
compliant/compliant-pod-0574.yaml,Pod,0,none,none,
compliant/compliant-pod-0575.yaml,Pod,0,none,none,
compliant/compliant-pod-0576.yaml,Pod,0,none,none,
compliant/compliant-pod-0577.yaml,Pod,0,none,none,
compliant/compliant-pod-0578.yaml,Pod,0,none,none,
compliant/compliant-pod-0579.yaml,Pod,0,none,none,
compliant/compliant-pod-0580.yaml,Pod,0,none,none,
compliant/compliant-pod-0581.yaml,Pod,0,none,none,
compliant/compliant-pod-0582.yaml,Pod,0,none,none,
compliant/compliant-pod-0583.yaml,Pod,0,none,none,
compliant/compliant-pod-0584.yaml,Pod,0,none,none,
compliant/compliant-pod-0585.yaml,Pod,0,none,none,
compliant/compliant-pod-0586.yaml,Pod,0,none,none,
compliant/compliant-pod-0587.yaml,Pod,0,none,none,
compliant/compliant-pod-0588.yaml,Pod,0,none,none,
compliant/compliant-pod-0589.yaml,Pod,0,none,none,
compliant/compliant-pod-0590.yaml,Pod,0,none,none,
compliant/compliant-pod-0591.yaml,Pod,0,none,none,
compliant/compliant-pod-0592.yaml,Pod,0,none,none,
compliant/compliant-pod-0593.yaml,Pod,0,none,none,
compliant/compliant-pod-0594.yaml,Pod,0,none,none,
compliant/compliant-pod-0595.yaml,Pod,0,none,none,
compliant/compliant-pod-0596.yaml,Pod,0,none,none,
compliant/compliant-pod-0597.yaml,Pod,0,none,none,
compliant/compliant-pod-0598.yaml,Pod,0,none,none,
compliant/compliant-pod-0599.yaml,Pod,0,none,none,
compliant/compliant-pod-0600.yaml,Pod,0,none,none,
compliant/compliant-pod-0601.yaml,Pod,0,none,none,
compliant/compliant-pod-0602.yaml,Pod,0,none,none,
compliant/compliant-pod-0603.yaml,Pod,0,none,none,
compliant/compliant-pod-0604.yaml,Pod,0,none,none,
compliant/compliant-pod-0605.yaml,Pod,0,none,none,
compliant/compliant-pod-0606.yaml,Pod,0,none,none,
compliant/compliant-pod-0607.yaml,Pod,0,none,none,
compliant/compliant-pod-0608.yaml,Pod,0,none,none,
compliant/compliant-pod-0609.yaml,Pod,0,none,none,
compliant/compliant-pod-0610.yaml,Pod,0,none,none,
compliant/compliant-pod-0611.yaml,Pod,0,none,none,
compliant/compliant-pod-0612.yaml,Pod,0,none,none,
compliant/compliant-pod-0613.yaml,Pod,0,none,none,
compliant/compliant-pod-0614.yaml,Pod,0,none,none,
compliant/compliant-pod-0615.yaml,Pod,0,none,none,
compliant/compliant-pod-0616.yaml,Pod,0,none,none,
compliant/compliant-pod-0617.yaml,Pod,0,none,none,
compliant/compliant-pod-0618.yaml,Pod,0,none,none,
compliant/compliant-pod-0619.yaml,Pod,0,none,none,
compliant/compliant-pod-0620.yaml,Pod,0,none,none,
compliant/compliant-pod-0621.yaml,Pod,0,none,none,
compliant/compliant-pod-0622.yaml,Pod,0,none,none,
compliant/compliant-pod-0623.yaml,Pod,0,none,none,
compliant/compliant-pod-0624.yaml,Pod,0,none,none,
compliant/compliant-pod-0625.yaml,Pod,0,none,none,
compliant/compliant-pod-0626.yaml,Pod,0,none,none,
compliant/compliant-pod-0627.yaml,Pod,0,none,none,
compliant/compliant-pod-0628.yaml,Pod,0,none,none,
compliant/compliant-pod-0629.yaml,Pod,0,none,none,
compliant/compliant-pod-0630.yaml,Pod,0,none,none,
compliant/compliant-pod-0631.yaml,Pod,0,none,none,
compliant/compliant-pod-0632.yaml,Pod,0,none,none,
compliant/compliant-pod-0633.yaml,Pod,0,none,none,
compliant/compliant-pod-0634.yaml,Pod,0,none,none,
compliant/compliant-pod-0635.yaml,Pod,0,none,none,
compliant/compliant-pod-0636.yaml,Pod,0,none,none,
compliant/compliant-pod-0637.yaml,Pod,0,none,none,
compliant/compliant-pod-0638.yaml,Pod,0,none,none,
compliant/compliant-pod-0639.yaml,Pod,0,none,none,
compliant/compliant-pod-0640.yaml,Pod,0,none,none,
compliant/compliant-pod-0641.yaml,Pod,0,none,none,
compliant/compliant-pod-0642.yaml,Pod,0,none,none,
compliant/compliant-pod-0643.yaml,Pod,0,none,none,
compliant/compliant-pod-0644.yaml,Pod,0,none,none,
compliant/compliant-pod-0645.yaml,Pod,0,none,none,
compliant/compliant-pod-0646.yaml,Pod,0,none,none,
compliant/compliant-pod-0647.yaml,Pod,0,none,none,
compliant/compliant-pod-0648.yaml,Pod,0,none,none,
compliant/compliant-pod-0649.yaml,Pod,0,none,none,
compliant/compliant-pod-0650.yaml,Pod,0,none,none,
compliant/compliant-pod-0651.yaml,Pod,0,none,none,
compliant/compliant-pod-0652.yaml,Pod,0,none,none,
compliant/compliant-pod-0653.yaml,Pod,0,none,none,
compliant/compliant-pod-0654.yaml,Pod,0,none,none,
compliant/compliant-pod-0655.yaml,Pod,0,none,none,
compliant/compliant-pod-0656.yaml,Pod,0,none,none,
compliant/compliant-pod-0657.yaml,Pod,0,none,none,
compliant/compliant-pod-0658.yaml,Pod,0,none,none,
compliant/compliant-pod-0659.yaml,Pod,0,none,none,
compliant/compliant-pod-0660.yaml,Pod,0,none,none,
compliant/compliant-pod-0661.yaml,Pod,0,none,none,
compliant/compliant-pod-0662.yaml,Pod,0,none,none,
compliant/compliant-pod-0663.yaml,Pod,0,none,none,
compliant/compliant-pod-0664.yaml,Pod,0,none,none,
compliant/compliant-pod-0665.yaml,Pod,0,none,none,
compliant/compliant-pod-0666.yaml,Pod,0,none,none,
compliant/compliant-pod-0667.yaml,Pod,0,none,none,
compliant/compliant-pod-0668.yaml,Pod,0,none,none,
compliant/compliant-pod-0669.yaml,Pod,0,none,none,
compliant/compliant-pod-0670.yaml,Pod,0,none,none,
compliant/compliant-pod-0671.yaml,Pod,0,none,none,
compliant/compliant-pod-0672.yaml,Pod,0,none,none,
compliant/compliant-pod-0673.yaml,Pod,0,none,none,
compliant/compliant-pod-0674.yaml,Pod,0,none,none,
compliant/compliant-pod-0675.yaml,Pod,0,none,none,
compliant/compliant-pod-0676.yaml,Pod,0,none,none,
compliant/compliant-pod-0677.yaml,Pod,0,none,none,
compliant/compliant-pod-0678.yaml,Pod,0,none,none,
compliant/compliant-pod-0679.yaml,Pod,0,none,none,
compliant/compliant-pod-0680.yaml,Pod,0,none,none,
compliant/compliant-pod-0681.yaml,Pod,0,none,none,
compliant/compliant-pod-0682.yaml,Pod,0,none,none,
compliant/compliant-pod-0683.yaml,Pod,0,none,none,
compliant/compliant-pod-0684.yaml,Pod,0,none,none,
compliant/compliant-pod-0685.yaml,Pod,0,none,none,
compliant/compliant-pod-0686.yaml,Pod,0,none,none,
compliant/compliant-pod-0687.yaml,Pod,0,none,none,
compliant/compliant-pod-0688.yaml,Pod,0,none,none,
compliant/compliant-pod-0689.yaml,Pod,0,none,none,
compliant/compliant-pod-0690.yaml,Pod,0,none,none,
compliant/compliant-pod-0691.yaml,Pod,0,none,none,
compliant/compliant-pod-0692.yaml,Pod,0,none,none,
compliant/compliant-pod-0693.yaml,Pod,0,none,none,
compliant/compliant-pod-0694.yaml,Pod,0,none,none,
compliant/compliant-pod-0695.yaml,Pod,0,none,none,
compliant/compliant-pod-0696.yaml,Pod,0,none,none,
compliant/compliant-pod-0697.yaml,Pod,0,none,none,
compliant/compliant-pod-0698.yaml,Pod,0,none,none,
compliant/compliant-pod-0699.yaml,Pod,0,none,none,
compliant/compliant-pod-0700.yaml,Pod,0,none,none,
compliant/compliant-pod-0701.yaml,Pod,0,none,none,
compliant/compliant-pod-0702.yaml,Pod,0,none,none,
compliant/compliant-pod-0703.yaml,Pod,0,none,none,
compliant/compliant-pod-0704.yaml,Pod,0,none,none,
compliant/compliant-pod-0705.yaml,Pod,0,none,none,
compliant/compliant-pod-0706.yaml,Pod,0,none,none,
compliant/compliant-pod-0707.yaml,Pod,0,none,none,
compliant/compliant-pod-0708.yaml,Pod,0,none,none,
compliant/compliant-pod-0709.yaml,Pod,0,none,none,
compliant/compliant-pod-0710.yaml,Pod,0,none,none,
compliant/compliant-pod-0711.yaml,Pod,0,none,none,
compliant/compliant-pod-0712.yaml,Pod,0,none,none,
compliant/compliant-pod-0713.yaml,Pod,0,none,none,
compliant/compliant-pod-0714.yaml,Pod,0,none,none,
compliant/compliant-pod-0715.yaml,Pod,0,none,none,
compliant/compliant-pod-0716.yaml,Pod,0,none,none,
compliant/compliant-pod-0717.yaml,Pod,0,none,none,
compliant/compliant-pod-0718.yaml,Pod,0,none,none,
compliant/compliant-pod-0719.yaml,Pod,0,none,none,
compliant/compliant-pod-0720.yaml,Pod,0,none,none,
compliant/compliant-pod-0721.yaml,Pod,0,none,none,
compliant/compliant-pod-0722.yaml,Pod,0,none,none,
compliant/compliant-pod-0723.yaml,Pod,0,none,none,
compliant/compliant-pod-0724.yaml,Pod,0,none,none,
compliant/compliant-pod-0725.yaml,Pod,0,none,none,
compliant/compliant-pod-0726.yaml,Pod,0,none,none,
compliant/compliant-pod-0727.yaml,Pod,0,none,none,
compliant/compliant-pod-0728.yaml,Pod,0,none,none,
compliant/compliant-pod-0729.yaml,Pod,0,none,none,
compliant/compliant-pod-0730.yaml,Pod,0,none,none,
compliant/compliant-pod-0731.yaml,Pod,0,none,none,
compliant/compliant-pod-0732.yaml,Pod,0,none,none,
compliant/compliant-pod-0733.yaml,Pod,0,none,none,
compliant/compliant-pod-0734.yaml,Pod,0,none,none,
compliant/compliant-pod-0735.yaml,Pod,0,none,none,
compliant/compliant-pod-0736.yaml,Pod,0,none,none,
compliant/compliant-pod-0737.yaml,Pod,0,none,none,
compliant/compliant-pod-0738.yaml,Pod,0,none,none,
compliant/compliant-pod-0739.yaml,Pod,0,none,none,
compliant/compliant-pod-0740.yaml,Pod,0,none,none,
compliant/compliant-pod-0741.yaml,Pod,0,none,none,
compliant/compliant-pod-0742.yaml,Pod,0,none,none,
compliant/compliant-pod-0743.yaml,Pod,0,none,none,
compliant/compliant-pod-0744.yaml,Pod,0,none,none,
compliant/compliant-pod-0745.yaml,Pod,0,none,none,
compliant/compliant-pod-0746.yaml,Pod,0,none,none,
compliant/compliant-pod-0747.yaml,Pod,0,none,none,
compliant/compliant-pod-0748.yaml,Pod,0,none,none,
compliant/compliant-pod-0749.yaml,Pod,0,none,none,
compliant/compliant-pod-0750.yaml,Pod,0,none,none,
compliant/compliant-pod-0751.yaml,Pod,0,none,none,
compliant/compliant-pod-0752.yaml,Pod,0,none,none,
compliant/compliant-pod-0753.yaml,Pod,0,none,none,
compliant/compliant-pod-0754.yaml,Pod,0,none,none,
compliant/compliant-pod-0755.yaml,Pod,0,none,none,
compliant/compliant-pod-0756.yaml,Pod,0,none,none,
compliant/compliant-pod-0757.yaml,Pod,0,none,none,
compliant/compliant-pod-0758.yaml,Pod,0,none,none,
compliant/compliant-pod-0759.yaml,Pod,0,none,none,
compliant/compliant-pod-0760.yaml,Pod,0,none,none,
compliant/compliant-pod-0761.yaml,Pod,0,none,none,
compliant/compliant-pod-0762.yaml,Pod,0,none,none,
compliant/compliant-pod-0763.yaml,Pod,0,none,none,
compliant/compliant-pod-0764.yaml,Pod,0,none,none,
compliant/compliant-pod-0765.yaml,Pod,0,none,none,
compliant/compliant-pod-0766.yaml,Pod,0,none,none,
compliant/compliant-pod-0767.yaml,Pod,0,none,none,
compliant/compliant-pod-0768.yaml,Pod,0,none,none,
compliant/compliant-pod-0769.yaml,Pod,0,none,none,
compliant/compliant-pod-0770.yaml,Pod,0,none,none,
compliant/compliant-pod-0771.yaml,Pod,0,none,none,
compliant/compliant-pod-0772.yaml,Pod,0,none,none,
compliant/compliant-pod-0773.yaml,Pod,0,none,none,
compliant/compliant-pod-0774.yaml,Pod,0,none,none,
compliant/compliant-pod-0775.yaml,Pod,0,none,none,
compliant/compliant-pod-0776.yaml,Pod,0,none,none,
compliant/compliant-pod-0777.yaml,Pod,0,none,none,
compliant/compliant-pod-0778.yaml,Pod,0,none,none,
compliant/compliant-pod-0779.yaml,Pod,0,none,none,
compliant/compliant-pod-0780.yaml,Pod,0,none,none,
compliant/compliant-pod-0781.yaml,Pod,0,none,none,
compliant/compliant-pod-0782.yaml,Pod,0,none,none,
compliant/compliant-pod-0783.yaml,Pod,0,none,none,
compliant/compliant-pod-0784.yaml,Pod,0,none,none,
compliant/compliant-pod-0785.yaml,Pod,0,none,none,
compliant/compliant-pod-0786.yaml,Pod,0,none,none,
compliant/compliant-pod-0787.yaml,Pod,0,none,none,
compliant/compliant-pod-0788.yaml,Pod,0,none,none,
compliant/compliant-pod-0789.yaml,Pod,0,none,none,
compliant/compliant-pod-0790.yaml,Pod,0,none,none,
compliant/compliant-pod-0791.yaml,Pod,0,none,none,
compliant/compliant-pod-0792.yaml,Pod,0,none,none,
compliant/compliant-pod-0793.yaml,Pod,0,none,none,
compliant/compliant-pod-0794.yaml,Pod,0,none,none,
compliant/compliant-pod-0795.yaml,Pod,0,none,none,
compliant/compliant-pod-0796.yaml,Pod,0,none,none,
compliant/compliant-pod-0797.yaml,Pod,0,none,none,
compliant/compliant-pod-0798.yaml,Pod,0,none,none,
compliant/compliant-pod-0799.yaml,Pod,0,none,none,
compliant/compliant-pod-0800.yaml,Pod,0,none,none,
compliant/compliant-pod-0801.yaml,Pod,0,none,none,
compliant/compliant-pod-0802.yaml,Pod,0,none,none,
compliant/compliant-pod-0803.yaml,Pod,0,none,none,
compliant/compliant-pod-0804.yaml,Pod,0,none,none,
compliant/compliant-pod-0805.yaml,Pod,0,none,none,
compliant/compliant-pod-0806.yaml,Pod,0,none,none,
compliant/compliant-pod-0807.yaml,Pod,0,none,none,
compliant/compliant-pod-0808.yaml,Pod,0,none,none,
compliant/compliant-pod-0809.yaml,Pod,0,none,none,
compliant/compliant-pod-0810.yaml,Pod,0,none,none,
compliant/compliant-pod-0811.yaml,Pod,0,none,none,
compliant/compliant-pod-0812.yaml,Pod,0,none,none,
compliant/compliant-pod-0813.yaml,Pod,0,none,none,
compliant/compliant-pod-0814.yaml,Pod,0,none,none,
compliant/compliant-pod-0815.yaml,Pod,0,none,none,
compliant/compliant-pod-0816.yaml,Pod,0,none,none,
compliant/compliant-pod-0817.yaml,Pod,0,none,none,
compliant/compliant-pod-0818.yaml,Pod,0,none,none,
compliant/compliant-pod-0819.yaml,Pod,0,none,none,
compliant/compliant-pod-0820.yaml,Pod,0,none,none,
compliant/compliant-pod-0821.yaml,Pod,0,none,none,
compliant/compliant-pod-0822.yaml,Pod,0,none,none,
compliant/compliant-pod-0823.yaml,Pod,0,none,none,
compliant/compliant-pod-0824.yaml,Pod,0,none,none,
compliant/compliant-pod-0825.yaml,Pod,0,none,none,
compliant/compliant-pod-0826.yaml,Pod,0,none,none,
compliant/compliant-pod-0827.yaml,Pod,0,none,none,
compliant/compliant-pod-0828.yaml,Pod,0,none,none,
compliant/compliant-pod-0829.yaml,Pod,0,none,none,
compliant/compliant-pod-0830.yaml,Pod,0,none,none,
compliant/compliant-pod-0831.yaml,Pod,0,none,none,
compliant/compliant-pod-0832.yaml,Pod,0,none,none,
compliant/compliant-pod-0833.yaml,Pod,0,none,none,
compliant/compliant-pod-0834.yaml,Pod,0,none,none,
compliant/compliant-pod-0835.yaml,Pod,0,none,none,
compliant/compliant-pod-0836.yaml,Pod,0,none,none,
compliant/compliant-pod-0837.yaml,Pod,0,none,none,
compliant/compliant-pod-0838.yaml,Pod,0,none,none,
compliant/compliant-pod-0839.yaml,Pod,0,none,none,
compliant/compliant-pod-0840.yaml,Pod,0,none,none,
compliant/compliant-pod-0841.yaml,Pod,0,none,none,
compliant/compliant-pod-0842.yaml,Pod,0,none,none,
compliant/compliant-pod-0843.yaml,Pod,0,none,none,
compliant/compliant-pod-0844.yaml,Pod,0,none,none,
compliant/compliant-pod-0845.yaml,Pod,0,none,none,
compliant/compliant-pod-0846.yaml,Pod,0,none,none,
compliant/compliant-pod-0847.yaml,Pod,0,none,none,
compliant/compliant-pod-0848.yaml,Pod,0,none,none,
compliant/compliant-pod-0849.yaml,Pod,0,none,none,
compliant/compliant-pod-0850.yaml,Pod,0,none,none,
compliant/compliant-pod-0851.yaml,Pod,0,none,none,
compliant/compliant-pod-0852.yaml,Pod,0,none,none,
compliant/compliant-pod-0853.yaml,Pod,0,none,none,
compliant/compliant-pod-0854.yaml,Pod,0,none,none,
compliant/compliant-pod-0855.yaml,Pod,0,none,none,
compliant/compliant-pod-0856.yaml,Pod,0,none,none,
compliant/compliant-pod-0857.yaml,Pod,0,none,none,
compliant/compliant-pod-0858.yaml,Pod,0,none,none,
compliant/compliant-pod-0859.yaml,Pod,0,none,none,
compliant/compliant-pod-0860.yaml,Pod,0,none,none,
compliant/compliant-pod-0861.yaml,Pod,0,none,none,
compliant/compliant-pod-0862.yaml,Pod,0,none,none,
compliant/compliant-pod-0863.yaml,Pod,0,none,none,
compliant/compliant-pod-0864.yaml,Pod,0,none,none,
compliant/compliant-pod-0865.yaml,Pod,0,none,none,
compliant/compliant-pod-0866.yaml,Pod,0,none,none,
compliant/compliant-pod-0867.yaml,Pod,0,none,none,
compliant/compliant-pod-0868.yaml,Pod,0,none,none,
compliant/compliant-pod-0869.yaml,Pod,0,none,none,
compliant/compliant-pod-0870.yaml,Pod,0,none,none,
compliant/compliant-pod-0871.yaml,Pod,0,none,none,
compliant/compliant-pod-0872.yaml,Pod,0,none,none,
compliant/compliant-pod-0873.yaml,Pod,0,none,none,
compliant/compliant-pod-0874.yaml,Pod,0,none,none,
compliant/compliant-pod-0875.yaml,Pod,0,none,none,
compliant/compliant-pod-0876.yaml,Pod,0,none,none,
compliant/compliant-pod-0877.yaml,Pod,0,none,none,
compliant/compliant-pod-0878.yaml,Pod,0,none,none,
compliant/compliant-pod-0879.yaml,Pod,0,none,none,
compliant/compliant-pod-0880.yaml,Pod,0,none,none,
compliant/compliant-pod-0881.yaml,Pod,0,none,none,
compliant/compliant-pod-0882.yaml,Pod,0,none,none,
compliant/compliant-pod-0883.yaml,Pod,0,none,none,
compliant/compliant-pod-0884.yaml,Pod,0,none,none,
compliant/compliant-pod-0885.yaml,Pod,0,none,none,
compliant/compliant-pod-0886.yaml,Pod,0,none,none,
compliant/compliant-pod-0887.yaml,Pod,0,none,none,
compliant/compliant-pod-0888.yaml,Pod,0,none,none,
compliant/compliant-pod-0889.yaml,Pod,0,none,none,
compliant/compliant-pod-0890.yaml,Pod,0,none,none,
compliant/compliant-pod-0891.yaml,Pod,0,none,none,
compliant/compliant-pod-0892.yaml,Pod,0,none,none,
compliant/compliant-pod-0893.yaml,Pod,0,none,none,
compliant/compliant-pod-0894.yaml,Pod,0,none,none,
compliant/compliant-pod-0895.yaml,Pod,0,none,none,
compliant/compliant-pod-0896.yaml,Pod,0,none,none,
compliant/compliant-pod-0897.yaml,Pod,0,none,none,
compliant/compliant-pod-0898.yaml,Pod,0,none,none,
compliant/compliant-pod-0899.yaml,Pod,0,none,none,
compliant/compliant-pod-0900.yaml,Pod,0,none,none,
compliant/compliant-pod-0901.yaml,Pod,0,none,none,
compliant/compliant-pod-0902.yaml,Pod,0,none,none,
compliant/compliant-pod-0903.yaml,Pod,0,none,none,
compliant/compliant-pod-0904.yaml,Pod,0,none,none,
compliant/compliant-pod-0905.yaml,Pod,0,none,none,
compliant/compliant-pod-0906.yaml,Pod,0,none,none,
compliant/compliant-pod-0907.yaml,Pod,0,none,none,
compliant/compliant-pod-0908.yaml,Pod,0,none,none,
compliant/compliant-pod-0909.yaml,Pod,0,none,none,
compliant/compliant-pod-0910.yaml,Pod,0,none,none,
compliant/compliant-pod-0911.yaml,Pod,0,none,none,
compliant/compliant-pod-0912.yaml,Pod,0,none,none,
compliant/compliant-pod-0913.yaml,Pod,0,none,none,
compliant/compliant-pod-0914.yaml,Pod,0,none,none,
compliant/compliant-pod-0915.yaml,Pod,0,none,none,
compliant/compliant-pod-0916.yaml,Pod,0,none,none,
compliant/compliant-pod-0917.yaml,Pod,0,none,none,
compliant/compliant-pod-0918.yaml,Pod,0,none,none,
compliant/compliant-pod-0919.yaml,Pod,0,none,none,
compliant/compliant-pod-0920.yaml,Pod,0,none,none,
compliant/compliant-pod-0921.yaml,Pod,0,none,none,
compliant/compliant-pod-0922.yaml,Pod,0,none,none,
compliant/compliant-pod-0923.yaml,Pod,0,none,none,
compliant/compliant-pod-0924.yaml,Pod,0,none,none,
compliant/compliant-pod-0925.yaml,Pod,0,none,none,
compliant/compliant-pod-0926.yaml,Pod,0,none,none,
compliant/compliant-pod-0927.yaml,Pod,0,none,none,
compliant/compliant-pod-0928.yaml,Pod,0,none,none,
compliant/compliant-pod-0929.yaml,Pod,0,none,none,
compliant/compliant-pod-0930.yaml,Pod,0,none,none,
compliant/compliant-pod-0931.yaml,Pod,0,none,none,
compliant/compliant-pod-0932.yaml,Pod,0,none,none,
compliant/compliant-pod-0933.yaml,Pod,0,none,none,
compliant/compliant-pod-0934.yaml,Pod,0,none,none,
compliant/compliant-pod-0935.yaml,Pod,0,none,none,
compliant/compliant-pod-0936.yaml,Pod,0,none,none,
compliant/compliant-pod-0937.yaml,Pod,0,none,none,
compliant/compliant-pod-0938.yaml,Pod,0,none,none,
compliant/compliant-pod-0939.yaml,Pod,0,none,none,
compliant/compliant-pod-0940.yaml,Pod,0,none,none,
compliant/compliant-pod-0941.yaml,Pod,0,none,none,
compliant/compliant-pod-0942.yaml,Pod,0,none,none,
compliant/compliant-pod-0943.yaml,Pod,0,none,none,
compliant/compliant-pod-0944.yaml,Pod,0,none,none,
compliant/compliant-pod-0945.yaml,Pod,0,none,none,
compliant/compliant-pod-0946.yaml,Pod,0,none,none,
compliant/compliant-pod-0947.yaml,Pod,0,none,none,
compliant/compliant-pod-0948.yaml,Pod,0,none,none,
compliant/compliant-pod-0949.yaml,Pod,0,none,none,
compliant/compliant-pod-0950.yaml,Pod,0,none,none,
compliant/compliant-pod-0951.yaml,Pod,0,none,none,
compliant/compliant-pod-0952.yaml,Pod,0,none,none,
compliant/compliant-pod-0953.yaml,Pod,0,none,none,
compliant/compliant-pod-0954.yaml,Pod,0,none,none,
compliant/compliant-pod-0955.yaml,Pod,0,none,none,
compliant/compliant-pod-0956.yaml,Pod,0,none,none,
compliant/compliant-pod-0957.yaml,Pod,0,none,none,
compliant/compliant-pod-0958.yaml,Pod,0,none,none,
compliant/compliant-pod-0959.yaml,Pod,0,none,none,
compliant/compliant-pod-0960.yaml,Pod,0,none,none,
compliant/compliant-pod-0961.yaml,Pod,0,none,none,
compliant/compliant-pod-0962.yaml,Pod,0,none,none,
compliant/compliant-pod-0963.yaml,Pod,0,none,none,
compliant/compliant-pod-0964.yaml,Pod,0,none,none,
compliant/compliant-pod-0965.yaml,Pod,0,none,none,
compliant/compliant-pod-0966.yaml,Pod,0,none,none,
compliant/compliant-pod-0967.yaml,Pod,0,none,none,
compliant/compliant-pod-0968.yaml,Pod,0,none,none,
compliant/compliant-pod-0969.yaml,Pod,0,none,none,
compliant/compliant-pod-0970.yaml,Pod,0,none,none,
compliant/compliant-pod-0971.yaml,Pod,0,none,none,
compliant/compliant-pod-0972.yaml,Pod,0,none,none,
compliant/compliant-pod-0973.yaml,Pod,0,none,none,
compliant/compliant-pod-0974.yaml,Pod,0,none,none,
compliant/compliant-pod-0975.yaml,Pod,0,none,none,
compliant/compliant-pod-0976.yaml,Pod,0,none,none,
compliant/compliant-pod-0977.yaml,Pod,0,none,none,
compliant/compliant-pod-0978.yaml,Pod,0,none,none,
compliant/compliant-pod-0979.yaml,Pod,0,none,none,
compliant/compliant-pod-0980.yaml,Pod,0,none,none,
compliant/compliant-pod-0981.yaml,Pod,0,none,none,
compliant/compliant-pod-0982.yaml,Pod,0,none,none,
compliant/compliant-pod-0983.yaml,Pod,0,none,none,
compliant/compliant-pod-0984.yaml,Pod,0,none,none,
compliant/compliant-pod-0985.yaml,Pod,0,none,none,
compliant/compliant-pod-0986.yaml,Pod,0,none,none,
compliant/compliant-pod-0987.yaml,Pod,0,none,none,
compliant/compliant-pod-0988.yaml,Pod,0,none,none,
compliant/compliant-pod-0989.yaml,Pod,0,none,none,
compliant/compliant-pod-0990.yaml,Pod,0,none,none,
compliant/compliant-pod-0991.yaml,Pod,0,none,none,
compliant/compliant-pod-0992.yaml,Pod,0,none,none,
compliant/compliant-pod-0993.yaml,Pod,0,none,none,
compliant/compliant-pod-0994.yaml,Pod,0,none,none,
compliant/compliant-pod-0995.yaml,Pod,0,none,none,
compliant/compliant-pod-0996.yaml,Pod,0,none,none,
compliant/compliant-pod-0997.yaml,Pod,0,none,none,
compliant/compliant-pod-0998.yaml,Pod,0,none,none,
compliant/compliant-pod-0999.yaml,Pod,0,none,none,
compliant/compliant-pod-1000.yaml,Pod,0,none,none,
compliant/compliant-pod-1001.yaml,Pod,0,none,none,
compliant/compliant-pod-1002.yaml,Pod,0,none,none,
compliant/compliant-pod-1003.yaml,Pod,0,none,none,
compliant/compliant-pod-1004.yaml,Pod,0,none,none,
compliant/compliant-pod-1005.yaml,Pod,0,none,none,
compliant/compliant-pod-1006.yaml,Pod,0,none,none,
compliant/compliant-pod-1007.yaml,Pod,0,none,none,
compliant/compliant-pod-1008.yaml,Pod,0,none,none,
compliant/compliant-pod-1009.yaml,Pod,0,none,none,
compliant/compliant-pod-1010.yaml,Pod,0,none,none,
compliant/compliant-pod-1011.yaml,Pod,0,none,none,
compliant/compliant-pod-1012.yaml,Pod,0,none,none,
compliant/compliant-pod-1013.yaml,Pod,0,none,none,
compliant/compliant-pod-1014.yaml,Pod,0,none,none,
compliant/compliant-pod-1015.yaml,Pod,0,none,none,
compliant/compliant-pod-1016.yaml,Pod,0,none,none,
compliant/compliant-pod-1017.yaml,Pod,0,none,none,
compliant/compliant-pod-1018.yaml,Pod,0,none,none,
compliant/compliant-pod-1019.yaml,Pod,0,none,none,
compliant/compliant-pod-1020.yaml,Pod,0,none,none,
compliant/compliant-pod-1021.yaml,Pod,0,none,none,
compliant/compliant-pod-1022.yaml,Pod,0,none,none,
compliant/compliant-pod-1023.yaml,Pod,0,none,none,
compliant/compliant-pod-1024.yaml,Pod,0,none,none,
compliant/compliant-pod-1025.yaml,Pod,0,none,none,
compliant/compliant-pod-1026.yaml,Pod,0,none,none,
compliant/compliant-pod-1027.yaml,Pod,0,none,none,
compliant/compliant-pod-1028.yaml,Pod,0,none,none,
compliant/compliant-pod-1029.yaml,Pod,0,none,none,
compliant/compliant-pod-1030.yaml,Pod,0,none,none,
compliant/compliant-pod-1031.yaml,Pod,0,none,none,
compliant/compliant-pod-1032.yaml,Pod,0,none,none,
compliant/compliant-pod-1033.yaml,Pod,0,none,none,
compliant/compliant-pod-1034.yaml,Pod,0,none,none,
compliant/compliant-pod-1035.yaml,Pod,0,none,none,
compliant/compliant-pod-1036.yaml,Pod,0,none,none,
compliant/compliant-pod-1037.yaml,Pod,0,none,none,
compliant/compliant-pod-1038.yaml,Pod,0,none,none,
compliant/compliant-pod-1039.yaml,Pod,0,none,none,
compliant/compliant-pod-1040.yaml,Pod,0,none,none,
compliant/compliant-pod-1041.yaml,Pod,0,none,none,
compliant/compliant-pod-1042.yaml,Pod,0,none,none,
compliant/compliant-pod-1043.yaml,Pod,0,none,none,
compliant/compliant-pod-1044.yaml,Pod,0,none,none,
compliant/compliant-pod-1045.yaml,Pod,0,none,none,
compliant/compliant-pod-1046.yaml,Pod,0,none,none,
compliant/compliant-pod-1047.yaml,Pod,0,none,none,
compliant/compliant-pod-1048.yaml,Pod,0,none,none,
compliant/compliant-pod-1049.yaml,Pod,0,none,none,
compliant/compliant-pod-1050.yaml,Pod,0,none,none,
compliant/compliant-pod-1051.yaml,Pod,0,none,none,
compliant/compliant-pod-1052.yaml,Pod,0,none,none,
compliant/compliant-pod-1053.yaml,Pod,0,none,none,
compliant/compliant-pod-1054.yaml,Pod,0,none,none,
compliant/compliant-pod-1055.yaml,Pod,0,none,none,
compliant/compliant-pod-1056.yaml,Pod,0,none,none,
compliant/compliant-pod-1057.yaml,Pod,0,none,none,
compliant/compliant-pod-1058.yaml,Pod,0,none,none,
compliant/compliant-pod-1059.yaml,Pod,0,none,none,
compliant/compliant-pod-1060.yaml,Pod,0,none,none,
compliant/compliant-pod-1061.yaml,Pod,0,none,none,
compliant/compliant-pod-1062.yaml,Pod,0,none,none,
compliant/compliant-pod-1063.yaml,Pod,0,none,none,
compliant/compliant-pod-1064.yaml,Pod,0,none,none,
compliant/compliant-pod-1065.yaml,Pod,0,none,none,
compliant/compliant-pod-1066.yaml,Pod,0,none,none,
compliant/compliant-pod-1067.yaml,Pod,0,none,none,
compliant/compliant-pod-1068.yaml,Pod,0,none,none,
compliant/compliant-pod-1069.yaml,Pod,0,none,none,
compliant/compliant-pod-1070.yaml,Pod,0,none,none,
compliant/compliant-pod-1071.yaml,Pod,0,none,none,
compliant/compliant-pod-1072.yaml,Pod,0,none,none,
compliant/compliant-pod-1073.yaml,Pod,0,none,none,
compliant/compliant-pod-1074.yaml,Pod,0,none,none,
compliant/compliant-pod-1075.yaml,Pod,0,none,none,
compliant/compliant-pod-1076.yaml,Pod,0,none,none,
compliant/compliant-pod-1077.yaml,Pod,0,none,none,
compliant/compliant-pod-1078.yaml,Pod,0,none,none,
compliant/compliant-pod-1079.yaml,Pod,0,none,none,
compliant/compliant-pod-1080.yaml,Pod,0,none,none,
compliant/compliant-pod-1081.yaml,Pod,0,none,none,
compliant/compliant-pod-1082.yaml,Pod,0,none,none,
compliant/compliant-pod-1083.yaml,Pod,0,none,none,
compliant/compliant-pod-1084.yaml,Pod,0,none,none,
compliant/compliant-pod-1085.yaml,Pod,0,none,none,
compliant/compliant-pod-1086.yaml,Pod,0,none,none,
compliant/compliant-pod-1087.yaml,Pod,0,none,none,
compliant/compliant-pod-1088.yaml,Pod,0,none,none,
compliant/compliant-pod-1089.yaml,Pod,0,none,none,
compliant/compliant-pod-1090.yaml,Pod,0,none,none,
compliant/compliant-pod-1091.yaml,Pod,0,none,none,
compliant/compliant-pod-1092.yaml,Pod,0,none,none,
compliant/compliant-pod-1093.yaml,Pod,0,none,none,
compliant/compliant-pod-1094.yaml,Pod,0,none,none,
compliant/compliant-pod-1095.yaml,Pod,0,none,none,
compliant/compliant-pod-1096.yaml,Pod,0,none,none,
compliant/compliant-pod-1097.yaml,Pod,0,none,none,
compliant/compliant-pod-1098.yaml,Pod,0,none,none,
compliant/compliant-pod-1099.yaml,Pod,0,none,none,
compliant/compliant-pod-1100.yaml,Pod,0,none,none,
compliant/compliant-pod-1101.yaml,Pod,0,none,none,
compliant/compliant-pod-1102.yaml,Pod,0,none,none,
compliant/compliant-pod-1103.yaml,Pod,0,none,none,
compliant/compliant-pod-1104.yaml,Pod,0,none,none,
compliant/compliant-pod-1105.yaml,Pod,0,none,none,
compliant/compliant-pod-1106.yaml,Pod,0,none,none,
compliant/compliant-pod-1107.yaml,Pod,0,none,none,
compliant/compliant-pod-1108.yaml,Pod,0,none,none,
compliant/compliant-pod-1109.yaml,Pod,0,none,none,
compliant/compliant-pod-1110.yaml,Pod,0,none,none,
compliant/compliant-pod-1111.yaml,Pod,0,none,none,
compliant/compliant-pod-1112.yaml,Pod,0,none,none,
compliant/compliant-pod-1113.yaml,Pod,0,none,none,
compliant/compliant-pod-1114.yaml,Pod,0,none,none,
compliant/compliant-pod-1115.yaml,Pod,0,none,none,
compliant/compliant-pod-1116.yaml,Pod,0,none,none,
compliant/compliant-pod-1117.yaml,Pod,0,none,none,
compliant/compliant-pod-1118.yaml,Pod,0,none,none,
compliant/compliant-pod-1119.yaml,Pod,0,none,none,
compliant/compliant-pod-1120.yaml,Pod,0,none,none,
compliant/compliant-pod-1121.yaml,Pod,0,none,none,
compliant/compliant-pod-1122.yaml,Pod,0,none,none,
compliant/compliant-pod-1123.yaml,Pod,0,none,none,
compliant/compliant-pod-1124.yaml,Pod,0,none,none,
compliant/compliant-pod-1125.yaml,Pod,0,none,none,
compliant/compliant-pod-1126.yaml,Pod,0,none,none,
compliant/compliant-pod-1127.yaml,Pod,0,none,none,
compliant/compliant-pod-1128.yaml,Pod,0,none,none,
compliant/compliant-pod-1129.yaml,Pod,0,none,none,
compliant/compliant-pod-1130.yaml,Pod,0,none,none,
compliant/compliant-pod-1131.yaml,Pod,0,none,none,
compliant/compliant-pod-1132.yaml,Pod,0,none,none,
compliant/compliant-pod-1133.yaml,Pod,0,none,none,
compliant/compliant-pod-1134.yaml,Pod,0,none,none,
compliant/compliant-pod-1135.yaml,Pod,0,none,none,
compliant/compliant-pod-1136.yaml,Pod,0,none,none,
compliant/compliant-pod-1137.yaml,Pod,0,none,none,
compliant/compliant-pod-1138.yaml,Pod,0,none,none,
compliant/compliant-pod-1139.yaml,Pod,0,none,none,
compliant/compliant-pod-1140.yaml,Pod,0,none,none,
compliant/compliant-pod-1141.yaml,Pod,0,none,none,
compliant/compliant-pod-1142.yaml,Pod,0,none,none,
compliant/compliant-pod-1143.yaml,Pod,0,none,none,
compliant/compliant-pod-1144.yaml,Pod,0,none,none,
compliant/compliant-pod-1145.yaml,Pod,0,none,none,
compliant/compliant-pod-1146.yaml,Pod,0,none,none,
compliant/compliant-pod-1147.yaml,Pod,0,none,none,
compliant/compliant-pod-1148.yaml,Pod,0,none,none,
compliant/compliant-pod-1149.yaml,Pod,0,none,none,
compliant/compliant-pod-1150.yaml,Pod,0,none,none,
compliant/compliant-pod-1151.yaml,Pod,0,none,none,
compliant/compliant-pod-1152.yaml,Pod,0,none,none,
compliant/compliant-pod-1153.yaml,Pod,0,none,none,
compliant/compliant-pod-1154.yaml,Pod,0,none,none,
compliant/compliant-pod-1155.yaml,Pod,0,none,none,
compliant/compliant-pod-1156.yaml,Pod,0,none,none,
compliant/compliant-pod-1157.yaml,Pod,0,none,none,
compliant/compliant-pod-1158.yaml,Pod,0,none,none,
compliant/compliant-pod-1159.yaml,Pod,0,none,none,
compliant/compliant-pod-1160.yaml,Pod,0,none,none,
compliant/compliant-pod-1161.yaml,Pod,0,none,none,
compliant/compliant-pod-1162.yaml,Pod,0,none,none,
compliant/compliant-pod-1163.yaml,Pod,0,none,none,
compliant/compliant-pod-1164.yaml,Pod,0,none,none,
compliant/compliant-pod-1165.yaml,Pod,0,none,none,
compliant/compliant-pod-1166.yaml,Pod,0,none,none,
compliant/compliant-pod-1167.yaml,Pod,0,none,none,
compliant/compliant-pod-1168.yaml,Pod,0,none,none,
compliant/compliant-pod-1169.yaml,Pod,0,none,none,
compliant/compliant-pod-1170.yaml,Pod,0,none,none,
compliant/compliant-pod-1171.yaml,Pod,0,none,none,
compliant/compliant-pod-1172.yaml,Pod,0,none,none,
compliant/compliant-pod-1173.yaml,Pod,0,none,none,
compliant/compliant-pod-1174.yaml,Pod,0,none,none,
compliant/compliant-pod-1175.yaml,Pod,0,none,none,
compliant/compliant-pod-1176.yaml,Pod,0,none,none,
compliant/compliant-pod-1177.yaml,Pod,0,none,none,
compliant/compliant-pod-1178.yaml,Pod,0,none,none,
compliant/compliant-pod-1179.yaml,Pod,0,none,none,
compliant/compliant-pod-1180.yaml,Pod,0,none,none,
compliant/compliant-pod-1181.yaml,Pod,0,none,none,
compliant/compliant-pod-1182.yaml,Pod,0,none,none,
compliant/compliant-pod-1183.yaml,Pod,0,none,none,
compliant/compliant-pod-1184.yaml,Pod,0,none,none,
compliant/compliant-pod-1185.yaml,Pod,0,none,none,
compliant/compliant-pod-1186.yaml,Pod,0,none,none,
compliant/compliant-pod-1187.yaml,Pod,0,none,none,
compliant/compliant-pod-1188.yaml,Pod,0,none,none,
compliant/compliant-pod-1189.yaml,Pod,0,none,none,
compliant/compliant-pod-1190.yaml,Pod,0,none,none,
compliant/compliant-pod-1191.yaml,Pod,0,none,none,
compliant/compliant-pod-1192.yaml,Pod,0,none,none,
compliant/compliant-pod-1193.yaml,Pod,0,none,none,
compliant/compliant-pod-1194.yaml,Pod,0,none,none,
compliant/compliant-pod-1195.yaml,Pod,0,none,none,
compliant/compliant-pod-1196.yaml,Pod,0,none,none,
compliant/compliant-pod-1197.yaml,Pod,0,none,none,
compliant/compliant-pod-1198.yaml,Pod,0,none,none,
compliant/compliant-pod-1199.yaml,Pod,0,none,none,
compliant/compliant-pod-1200.yaml,Pod,0,none,none,
compliant/compliant-pod-1201.yaml,Pod,0,none,none,
compliant/compliant-pod-1202.yaml,Pod,0,none,none,
compliant/compliant-pod-1203.yaml,Pod,0,none,none,
compliant/compliant-pod-1204.yaml,Pod,0,none,none,
compliant/compliant-pod-1205.yaml,Pod,0,none,none,
compliant/compliant-pod-1206.yaml,Pod,0,none,none,
compliant/compliant-pod-1207.yaml,Pod,0,none,none,
compliant/compliant-pod-1208.yaml,Pod,0,none,none,
compliant/compliant-pod-1209.yaml,Pod,0,none,none,
compliant/compliant-pod-1210.yaml,Pod,0,none,none,
compliant/compliant-pod-1211.yaml,Pod,0,none,none,
compliant/compliant-pod-1212.yaml,Pod,0,none,none,
compliant/compliant-pod-1213.yaml,Pod,0,none,none,
compliant/compliant-pod-1214.yaml,Pod,0,none,none,
compliant/compliant-pod-1215.yaml,Pod,0,none,none,
compliant/compliant-pod-1216.yaml,Pod,0,none,none,
compliant/compliant-pod-1217.yaml,Pod,0,none,none,
compliant/compliant-pod-1218.yaml,Pod,0,none,none,
compliant/compliant-pod-1219.yaml,Pod,0,none,none,
compliant/compliant-pod-1220.yaml,Pod,0,none,none,
compliant/compliant-pod-1221.yaml,Pod,0,none,none,
compliant/compliant-pod-1222.yaml,Pod,0,none,none,
compliant/compliant-pod-1223.yaml,Pod,0,none,none,
compliant/compliant-pod-1224.yaml,Pod,0,none,none,
compliant/compliant-pod-1225.yaml,Pod,0,none,none,
compliant/compliant-pod-1226.yaml,Pod,0,none,none,
compliant/compliant-pod-1227.yaml,Pod,0,none,none,
compliant/compliant-pod-1228.yaml,Pod,0,none,none,
compliant/compliant-pod-1229.yaml,Pod,0,none,none,
compliant/compliant-pod-1230.yaml,Pod,0,none,none,
compliant/compliant-pod-1231.yaml,Pod,0,none,none,
compliant/compliant-pod-1232.yaml,Pod,0,none,none,
compliant/compliant-pod-1233.yaml,Pod,0,none,none,
compliant/compliant-pod-1234.yaml,Pod,0,none,none,
compliant/compliant-pod-1235.yaml,Pod,0,none,none,
compliant/compliant-pod-1236.yaml,Pod,0,none,none,
compliant/compliant-pod-1237.yaml,Pod,0,none,none,
compliant/compliant-pod-1238.yaml,Pod,0,none,none,
compliant/compliant-pod-1239.yaml,Pod,0,none,none,
compliant/compliant-pod-1240.yaml,Pod,0,none,none,
compliant/compliant-pod-1241.yaml,Pod,0,none,none,
compliant/compliant-pod-1242.yaml,Pod,0,none,none,
compliant/compliant-pod-1243.yaml,Pod,0,none,none,
compliant/compliant-pod-1244.yaml,Pod,0,none,none,
compliant/compliant-pod-1245.yaml,Pod,0,none,none,
compliant/compliant-pod-1246.yaml,Pod,0,none,none,
compliant/compliant-pod-1247.yaml,Pod,0,none,none,
compliant/compliant-pod-1248.yaml,Pod,0,none,none,
compliant/compliant-pod-1249.yaml,Pod,0,none,none,
compliant/compliant-pod-1250.yaml,Pod,0,none,none,
compliant/compliant-pod-1251.yaml,Pod,0,none,none,
compliant/compliant-pod-1252.yaml,Pod,0,none,none,
compliant/compliant-pod-1253.yaml,Pod,0,none,none,
compliant/compliant-pod-1254.yaml,Pod,0,none,none,
compliant/compliant-pod-1255.yaml,Pod,0,none,none,
compliant/compliant-pod-1256.yaml,Pod,0,none,none,
compliant/compliant-pod-1257.yaml,Pod,0,none,none,
compliant/compliant-pod-1258.yaml,Pod,0,none,none,
compliant/compliant-pod-1259.yaml,Pod,0,none,none,
compliant/compliant-pod-1260.yaml,Pod,0,none,none,
compliant/compliant-pod-1261.yaml,Pod,0,none,none,
compliant/compliant-pod-1262.yaml,Pod,0,none,none,
compliant/compliant-pod-1263.yaml,Pod,0,none,none,
compliant/compliant-pod-1264.yaml,Pod,0,none,none,
compliant/compliant-pod-1265.yaml,Pod,0,none,none,
compliant/compliant-pod-1266.yaml,Pod,0,none,none,
compliant/compliant-pod-1267.yaml,Pod,0,none,none,
compliant/compliant-pod-1268.yaml,Pod,0,none,none,
compliant/compliant-pod-1269.yaml,Pod,0,none,none,
compliant/compliant-pod-1270.yaml,Pod,0,none,none,
compliant/compliant-pod-1271.yaml,Pod,0,none,none,
compliant/compliant-pod-1272.yaml,Pod,0,none,none,
compliant/compliant-pod-1273.yaml,Pod,0,none,none,
compliant/compliant-pod-1274.yaml,Pod,0,none,none,
compliant/compliant-pod-1275.yaml,Pod,0,none,none,
compliant/compliant-pod-1276.yaml,Pod,0,none,none,
compliant/compliant-pod-1277.yaml,Pod,0,none,none,
compliant/compliant-pod-1278.yaml,Pod,0,none,none,
compliant/compliant-pod-1279.yaml,Pod,0,none,none,
compliant/compliant-pod-1280.yaml,Pod,0,none,none,
compliant/compliant-pod-1281.yaml,Pod,0,none,none,
compliant/compliant-pod-1282.yaml,Pod,0,none,none,
compliant/compliant-pod-1283.yaml,Pod,0,none,none,
compliant/compliant-pod-1284.yaml,Pod,0,none,none,
compliant/compliant-pod-1285.yaml,Pod,0,none,none,
compliant/compliant-pod-1286.yaml,Pod,0,none,none,
compliant/compliant-pod-1287.yaml,Pod,0,none,none,
compliant/compliant-pod-1288.yaml,Pod,0,none,none,
compliant/compliant-pod-1289.yaml,Pod,0,none,none,
compliant/compliant-pod-1290.yaml,Pod,0,none,none,
compliant/compliant-pod-1291.yaml,Pod,0,none,none,
compliant/compliant-pod-1292.yaml,Pod,0,none,none,
compliant/compliant-pod-1293.yaml,Pod,0,none,none,
compliant/compliant-pod-1294.yaml,Pod,0,none,none,
compliant/compliant-pod-1295.yaml,Pod,0,none,none,
compliant/compliant-pod-1296.yaml,Pod,0,none,none,
compliant/compliant-pod-1297.yaml,Pod,0,none,none,
compliant/compliant-pod-1298.yaml,Pod,0,none,none,
compliant/compliant-pod-1299.yaml,Pod,0,none,none,
compliant/compliant-pod-1300.yaml,Pod,0,none,none,
compliant/compliant-pod-1301.yaml,Pod,0,none,none,
compliant/compliant-pod-1302.yaml,Pod,0,none,none,
compliant/compliant-pod-1303.yaml,Pod,0,none,none,
compliant/compliant-pod-1304.yaml,Pod,0,none,none,
compliant/compliant-pod-1305.yaml,Pod,0,none,none,
compliant/compliant-pod-1306.yaml,Pod,0,none,none,
compliant/compliant-pod-1307.yaml,Pod,0,none,none,
compliant/compliant-pod-1308.yaml,Pod,0,none,none,
compliant/compliant-pod-1309.yaml,Pod,0,none,none,
compliant/compliant-pod-1310.yaml,Pod,0,none,none,
compliant/compliant-pod-1311.yaml,Pod,0,none,none,
compliant/compliant-pod-1312.yaml,Pod,0,none,none,
compliant/compliant-pod-1313.yaml,Pod,0,none,none,
compliant/compliant-pod-1314.yaml,Pod,0,none,none,
compliant/compliant-pod-1315.yaml,Pod,0,none,none,
compliant/compliant-pod-1316.yaml,Pod,0,none,none,
compliant/compliant-pod-1317.yaml,Pod,0,none,none,
compliant/compliant-pod-1318.yaml,Pod,0,none,none,
compliant/compliant-pod-1319.yaml,Pod,0,none,none,
compliant/compliant-pod-1320.yaml,Pod,0,none,none,
compliant/compliant-pod-1321.yaml,Pod,0,none,none,
compliant/compliant-pod-1322.yaml,Pod,0,none,none,
compliant/compliant-pod-1323.yaml,Pod,0,none,none,
compliant/compliant-pod-1324.yaml,Pod,0,none,none,
compliant/compliant-pod-1325.yaml,Pod,0,none,none,
compliant/compliant-pod-1326.yaml,Pod,0,none,none,
compliant/compliant-pod-1327.yaml,Pod,0,none,none,
compliant/compliant-pod-1328.yaml,Pod,0,none,none,
compliant/compliant-pod-1329.yaml,Pod,0,none,none,
compliant/compliant-pod-1330.yaml,Pod,0,none,none,
compliant/compliant-pod-1331.yaml,Pod,0,none,none,
compliant/compliant-pod-1332.yaml,Pod,0,none,none,
compliant/compliant-pod-1333.yaml,Pod,0,none,none,
compliant/compliant-pod-1334.yaml,Pod,0,none,none,
compliant/compliant-pod-1335.yaml,Pod,0,none,none,
compliant/compliant-pod-1336.yaml,Pod,0,none,none,
compliant/compliant-pod-1337.yaml,Pod,0,none,none,
compliant/compliant-pod-1338.yaml,Pod,0,none,none,
compliant/compliant-pod-1339.yaml,Pod,0,none,none,
compliant/compliant-pod-1340.yaml,Pod,0,none,none,
compliant/compliant-pod-1341.yaml,Pod,0,none,none,
compliant/compliant-pod-1342.yaml,Pod,0,none,none,
compliant/compliant-pod-1343.yaml,Pod,0,none,none,
compliant/compliant-pod-1344.yaml,Pod,0,none,none,
compliant/compliant-pod-1345.yaml,Pod,0,none,none,
compliant/compliant-pod-1346.yaml,Pod,0,none,none,
compliant/compliant-pod-1347.yaml,Pod,0,none,none,
compliant/compliant-pod-1348.yaml,Pod,0,none,none,
compliant/compliant-pod-1349.yaml,Pod,0,none,none,
compliant/compliant-pod-1350.yaml,Pod,0,none,none,
compliant/compliant-pod-1351.yaml,Pod,0,none,none,
compliant/compliant-pod-1352.yaml,Pod,0,none,none,
compliant/compliant-pod-1353.yaml,Pod,0,none,none,
compliant/compliant-pod-1354.yaml,Pod,0,none,none,
compliant/compliant-pod-1355.yaml,Pod,0,none,none,
compliant/compliant-pod-1356.yaml,Pod,0,none,none,
compliant/compliant-pod-1357.yaml,Pod,0,none,none,
compliant/compliant-pod-1358.yaml,Pod,0,none,none,
compliant/compliant-pod-1359.yaml,Pod,0,none,none,
compliant/compliant-pod-1360.yaml,Pod,0,none,none,
compliant/compliant-pod-1361.yaml,Pod,0,none,none,
compliant/compliant-pod-1362.yaml,Pod,0,none,none,
compliant/compliant-pod-1363.yaml,Pod,0,none,none,
compliant/compliant-pod-1364.yaml,Pod,0,none,none,
compliant/compliant-pod-1365.yaml,Pod,0,none,none,
compliant/compliant-pod-1366.yaml,Pod,0,none,none,
compliant/compliant-pod-1367.yaml,Pod,0,none,none,
compliant/compliant-pod-1368.yaml,Pod,0,none,none,
compliant/compliant-pod-1369.yaml,Pod,0,none,none,
compliant/compliant-pod-1370.yaml,Pod,0,none,none,
compliant/compliant-pod-1371.yaml,Pod,0,none,none,
compliant/compliant-pod-1372.yaml,Pod,0,none,none,
compliant/compliant-pod-1373.yaml,Pod,0,none,none,
compliant/compliant-pod-1374.yaml,Pod,0,none,none,
compliant/compliant-pod-1375.yaml,Pod,0,none,none,
compliant/compliant-pod-1376.yaml,Pod,0,none,none,
compliant/compliant-pod-1377.yaml,Pod,0,none,none,
compliant/compliant-pod-1378.yaml,Pod,0,none,none,
compliant/compliant-pod-1379.yaml,Pod,0,none,none,
compliant/compliant-pod-1380.yaml,Pod,0,none,none,
compliant/compliant-pod-1381.yaml,Pod,0,none,none,
compliant/compliant-pod-1382.yaml,Pod,0,none,none,
compliant/compliant-pod-1383.yaml,Pod,0,none,none,
compliant/compliant-pod-1384.yaml,Pod,0,none,none,
compliant/compliant-pod-1385.yaml,Pod,0,none,none,
compliant/compliant-pod-1386.yaml,Pod,0,none,none,
compliant/compliant-pod-1387.yaml,Pod,0,none,none,
compliant/compliant-pod-1388.yaml,Pod,0,none,none,
compliant/compliant-pod-1389.yaml,Pod,0,none,none,
compliant/compliant-pod-1390.yaml,Pod,0,none,none,
compliant/compliant-pod-1391.yaml,Pod,0,none,none,
compliant/compliant-pod-1392.yaml,Pod,0,none,none,
compliant/compliant-pod-1393.yaml,Pod,0,none,none,
compliant/compliant-pod-1394.yaml,Pod,0,none,none,
compliant/compliant-pod-1395.yaml,Pod,0,none,none,
compliant/compliant-pod-1396.yaml,Pod,0,none,none,
compliant/compliant-pod-1397.yaml,Pod,0,none,none,
compliant/compliant-pod-1398.yaml,Pod,0,none,none,
compliant/compliant-pod-1399.yaml,Pod,0,none,none,
compliant/compliant-pod-1400.yaml,Pod,0,none,none,
compliant/compliant-pod-1401.yaml,Pod,0,none,none,
compliant/compliant-pod-1402.yaml,Pod,0,none,none,
compliant/compliant-pod-1403.yaml,Pod,0,none,none,
compliant/compliant-pod-1404.yaml,Pod,0,none,none,
compliant/compliant-pod-1405.yaml,Pod,0,none,none,
compliant/compliant-pod-1406.yaml,Pod,0,none,none,
compliant/compliant-pod-1407.yaml,Pod,0,none,none,
compliant/compliant-pod-1408.yaml,Pod,0,none,none,
compliant/compliant-pod-1409.yaml,Pod,0,none,none,
compliant/compliant-pod-1410.yaml,Pod,0,none,none,
compliant/compliant-pod-1411.yaml,Pod,0,none,none,
compliant/compliant-pod-1412.yaml,Pod,0,none,none,
compliant/compliant-pod-1413.yaml,Pod,0,none,none,
compliant/compliant-pod-1414.yaml,Pod,0,none,none,
compliant/compliant-pod-1415.yaml,Pod,0,none,none,
compliant/compliant-pod-1416.yaml,Pod,0,none,none,
compliant/compliant-pod-1417.yaml,Pod,0,none,none,
compliant/compliant-pod-1418.yaml,Pod,0,none,none,
compliant/compliant-pod-1419.yaml,Pod,0,none,none,
compliant/compliant-pod-1420.yaml,Pod,0,none,none,
compliant/compliant-pod-1421.yaml,Pod,0,none,none,
compliant/compliant-pod-1422.yaml,Pod,0,none,none,
compliant/compliant-pod-1423.yaml,Pod,0,none,none,
compliant/compliant-pod-1424.yaml,Pod,0,none,none,
compliant/compliant-pod-1425.yaml,Pod,0,none,none,
compliant/compliant-pod-1426.yaml,Pod,0,none,none,
compliant/compliant-pod-1427.yaml,Pod,0,none,none,
compliant/compliant-pod-1428.yaml,Pod,0,none,none,
compliant/compliant-pod-1429.yaml,Pod,0,none,none,
compliant/compliant-pod-1430.yaml,Pod,0,none,none,
compliant/compliant-pod-1431.yaml,Pod,0,none,none,
compliant/compliant-pod-1432.yaml,Pod,0,none,none,
compliant/compliant-pod-1433.yaml,Pod,0,none,none,
compliant/compliant-pod-1434.yaml,Pod,0,none,none,
compliant/compliant-pod-1435.yaml,Pod,0,none,none,
compliant/compliant-pod-1436.yaml,Pod,0,none,none,
compliant/compliant-pod-1437.yaml,Pod,0,none,none,
compliant/compliant-pod-1438.yaml,Pod,0,none,none,
compliant/compliant-pod-1439.yaml,Pod,0,none,none,
compliant/compliant-pod-1440.yaml,Pod,0,none,none,
compliant/compliant-pod-1441.yaml,Pod,0,none,none,
compliant/compliant-pod-1442.yaml,Pod,0,none,none,
compliant/compliant-pod-1443.yaml,Pod,0,none,none,
compliant/compliant-pod-1444.yaml,Pod,0,none,none,
compliant/compliant-pod-1445.yaml,Pod,0,none,none,
compliant/compliant-pod-1446.yaml,Pod,0,none,none,
compliant/compliant-pod-1447.yaml,Pod,0,none,none,
compliant/compliant-pod-1448.yaml,Pod,0,none,none,
compliant/compliant-pod-1449.yaml,Pod,0,none,none,
compliant/compliant-pod-1450.yaml,Pod,0,none,none,
compliant/compliant-pod-1451.yaml,Pod,0,none,none,
compliant/compliant-pod-1452.yaml,Pod,0,none,none,
compliant/compliant-pod-1453.yaml,Pod,0,none,none,
compliant/compliant-pod-1454.yaml,Pod,0,none,none,
compliant/compliant-pod-1455.yaml,Pod,0,none,none,
compliant/compliant-pod-1456.yaml,Pod,0,none,none,
compliant/compliant-pod-1457.yaml,Pod,0,none,none,
compliant/compliant-pod-1458.yaml,Pod,0,none,none,
compliant/compliant-pod-1459.yaml,Pod,0,none,none,
compliant/compliant-pod-1460.yaml,Pod,0,none,none,
compliant/compliant-pod-1461.yaml,Pod,0,none,none,
compliant/compliant-pod-1462.yaml,Pod,0,none,none,
compliant/compliant-pod-1463.yaml,Pod,0,none,none,
compliant/compliant-pod-1464.yaml,Pod,0,none,none,
compliant/compliant-pod-1465.yaml,Pod,0,none,none,
compliant/compliant-pod-1466.yaml,Pod,0,none,none,
compliant/compliant-pod-1467.yaml,Pod,0,none,none,
compliant/compliant-pod-1468.yaml,Pod,0,none,none,
compliant/compliant-pod-1469.yaml,Pod,0,none,none,
compliant/compliant-pod-1470.yaml,Pod,0,none,none,
compliant/compliant-pod-1471.yaml,Pod,0,none,none,
compliant/compliant-pod-1472.yaml,Pod,0,none,none,
compliant/compliant-pod-1473.yaml,Pod,0,none,none,
compliant/compliant-pod-1474.yaml,Pod,0,none,none,
compliant/compliant-pod-1475.yaml,Pod,0,none,none,
compliant/compliant-pod-1476.yaml,Pod,0,none,none,
compliant/compliant-pod-1477.yaml,Pod,0,none,none,
compliant/compliant-pod-1478.yaml,Pod,0,none,none,
compliant/compliant-pod-1479.yaml,Pod,0,none,none,
compliant/compliant-pod-1480.yaml,Pod,0,none,none,
compliant/compliant-pod-1481.yaml,Pod,0,none,none,
compliant/compliant-pod-1482.yaml,Pod,0,none,none,
compliant/compliant-pod-1483.yaml,Pod,0,none,none,
compliant/compliant-pod-1484.yaml,Pod,0,none,none,
compliant/compliant-pod-1485.yaml,Pod,0,none,none,
compliant/compliant-pod-1486.yaml,Pod,0,none,none,
compliant/compliant-pod-1487.yaml,Pod,0,none,none,
compliant/compliant-pod-1488.yaml,Pod,0,none,none,
compliant/compliant-pod-1489.yaml,Pod,0,none,none,
compliant/compliant-pod-1490.yaml,Pod,0,none,none,
compliant/compliant-pod-1491.yaml,Pod,0,none,none,
compliant/compliant-pod-1492.yaml,Pod,0,none,none,
compliant/compliant-pod-1493.yaml,Pod,0,none,none,
compliant/compliant-pod-1494.yaml,Pod,0,none,none,
compliant/compliant-pod-1495.yaml,Pod,0,none,none,
compliant/compliant-pod-1496.yaml,Pod,0,none,none,
compliant/compliant-pod-1497.yaml,Pod,0,none,none,
compliant/compliant-pod-1498.yaml,Pod,0,none,none,
compliant/compliant-pod-1499.yaml,Pod,0,none,none,
compliant/compliant-pod-1500.yaml,Pod,0,none,none,
compliant/compliant-pod-1501.yaml,Pod,0,none,none,
compliant/compliant-pod-1502.yaml,Pod,0,none,none,
compliant/compliant-pod-1503.yaml,Pod,0,none,none,
compliant/compliant-pod-1504.yaml,Pod,0,none,none,
compliant/compliant-pod-1505.yaml,Pod,0,none,none,
compliant/compliant-pod-1506.yaml,Pod,0,none,none,
compliant/compliant-pod-1507.yaml,Pod,0,none,none,
compliant/compliant-pod-1508.yaml,Pod,0,none,none,
compliant/compliant-pod-1509.yaml,Pod,0,none,none,
compliant/compliant-pod-1510.yaml,Pod,0,none,none,
compliant/compliant-pod-1511.yaml,Pod,0,none,none,
compliant/compliant-pod-1512.yaml,Pod,0,none,none,
compliant/compliant-pod-1513.yaml,Pod,0,none,none,
compliant/compliant-pod-1514.yaml,Pod,0,none,none,
compliant/compliant-pod-1515.yaml,Pod,0,none,none,
compliant/compliant-pod-1516.yaml,Pod,0,none,none,
compliant/compliant-pod-1517.yaml,Pod,0,none,none,
compliant/compliant-pod-1518.yaml,Pod,0,none,none,
compliant/compliant-pod-1519.yaml,Pod,0,none,none,
compliant/compliant-pod-1520.yaml,Pod,0,none,none,
compliant/compliant-pod-1521.yaml,Pod,0,none,none,
compliant/compliant-pod-1522.yaml,Pod,0,none,none,
compliant/compliant-pod-1523.yaml,Pod,0,none,none,
compliant/compliant-pod-1524.yaml,Pod,0,none,none,
compliant/compliant-pod-1525.yaml,Pod,0,none,none,
compliant/compliant-pod-1526.yaml,Pod,0,none,none,
compliant/compliant-pod-1527.yaml,Pod,0,none,none,
compliant/compliant-pod-1528.yaml,Pod,0,none,none,
compliant/compliant-pod-1529.yaml,Pod,0,none,none,
compliant/compliant-pod-1530.yaml,Pod,0,none,none,
compliant/compliant-pod-1531.yaml,Pod,0,none,none,
compliant/compliant-pod-1532.yaml,Pod,0,none,none,
compliant/compliant-pod-1533.yaml,Pod,0,none,none,
compliant/compliant-pod-1534.yaml,Pod,0,none,none,
compliant/compliant-pod-1535.yaml,Pod,0,none,none,
compliant/compliant-pod-1536.yaml,Pod,0,none,none,
compliant/compliant-pod-1537.yaml,Pod,0,none,none,
compliant/compliant-pod-1538.yaml,Pod,0,none,none,
compliant/compliant-pod-1539.yaml,Pod,0,none,none,
compliant/compliant-pod-1540.yaml,Pod,0,none,none,
compliant/compliant-pod-1541.yaml,Pod,0,none,none,
compliant/compliant-pod-1542.yaml,Pod,0,none,none,
compliant/compliant-pod-1543.yaml,Pod,0,none,none,
compliant/compliant-pod-1544.yaml,Pod,0,none,none,
compliant/compliant-pod-1545.yaml,Pod,0,none,none,
compliant/compliant-pod-1546.yaml,Pod,0,none,none,
compliant/compliant-pod-1547.yaml,Pod,0,none,none,
compliant/compliant-pod-1548.yaml,Pod,0,none,none,
compliant/compliant-pod-1549.yaml,Pod,0,none,none,
compliant/compliant-pod-1550.yaml,Pod,0,none,none,
compliant/compliant-pod-1551.yaml,Pod,0,none,none,
compliant/compliant-pod-1552.yaml,Pod,0,none,none,
compliant/compliant-pod-1553.yaml,Pod,0,none,none,
compliant/compliant-pod-1554.yaml,Pod,0,none,none,
compliant/compliant-pod-1555.yaml,Pod,0,none,none,
compliant/compliant-pod-1556.yaml,Pod,0,none,none,
compliant/compliant-pod-1557.yaml,Pod,0,none,none,
compliant/compliant-pod-1558.yaml,Pod,0,none,none,
compliant/compliant-pod-1559.yaml,Pod,0,none,none,
compliant/compliant-pod-1560.yaml,Pod,0,none,none,
compliant/compliant-pod-1561.yaml,Pod,0,none,none,
compliant/compliant-pod-1562.yaml,Pod,0,none,none,
compliant/compliant-pod-1563.yaml,Pod,0,none,none,
compliant/compliant-pod-1564.yaml,Pod,0,none,none,
compliant/compliant-pod-1565.yaml,Pod,0,none,none,
compliant/compliant-pod-1566.yaml,Pod,0,none,none,
compliant/compliant-pod-1567.yaml,Pod,0,none,none,
compliant/compliant-pod-1568.yaml,Pod,0,none,none,
compliant/compliant-pod-1569.yaml,Pod,0,none,none,
compliant/compliant-pod-1570.yaml,Pod,0,none,none,
compliant/compliant-pod-1571.yaml,Pod,0,none,none,
compliant/compliant-pod-1572.yaml,Pod,0,none,none,
compliant/compliant-pod-1573.yaml,Pod,0,none,none,
compliant/compliant-pod-1574.yaml,Pod,0,none,none,
compliant/compliant-pod-1575.yaml,Pod,0,none,none,
compliant/compliant-pod-1576.yaml,Pod,0,none,none,
compliant/compliant-pod-1577.yaml,Pod,0,none,none,
compliant/compliant-pod-1578.yaml,Pod,0,none,none,
compliant/compliant-pod-1579.yaml,Pod,0,none,none,
compliant/compliant-pod-1580.yaml,Pod,0,none,none,
compliant/compliant-pod-1581.yaml,Pod,0,none,none,
compliant/compliant-pod-1582.yaml,Pod,0,none,none,
compliant/compliant-pod-1583.yaml,Pod,0,none,none,
compliant/compliant-pod-1584.yaml,Pod,0,none,none,
compliant/compliant-pod-1585.yaml,Pod,0,none,none,
compliant/compliant-pod-1586.yaml,Pod,0,none,none,
compliant/compliant-pod-1587.yaml,Pod,0,none,none,
compliant/compliant-pod-1588.yaml,Pod,0,none,none,
compliant/compliant-pod-1589.yaml,Pod,0,none,none,
compliant/compliant-pod-1590.yaml,Pod,0,none,none,
compliant/compliant-pod-1591.yaml,Pod,0,none,none,
compliant/compliant-pod-1592.yaml,Pod,0,none,none,
compliant/compliant-pod-1593.yaml,Pod,0,none,none,
compliant/compliant-pod-1594.yaml,Pod,0,none,none,
compliant/compliant-pod-1595.yaml,Pod,0,none,none,
compliant/compliant-pod-1596.yaml,Pod,0,none,none,
compliant/compliant-pod-1597.yaml,Pod,0,none,none,
compliant/compliant-pod-1598.yaml,Pod,0,none,none,
compliant/compliant-pod-1599.yaml,Pod,0,none,none,
compliant/compliant-pod-1600.yaml,Pod,0,none,none,
compliant/compliant-pod-1601.yaml,Pod,0,none,none,
compliant/compliant-pod-1602.yaml,Pod,0,none,none,
compliant/compliant-pod-1603.yaml,Pod,0,none,none,
compliant/compliant-pod-1604.yaml,Pod,0,none,none,
compliant/compliant-pod-1605.yaml,Pod,0,none,none,
compliant/compliant-pod-1606.yaml,Pod,0,none,none,
compliant/compliant-pod-1607.yaml,Pod,0,none,none,
compliant/compliant-pod-1608.yaml,Pod,0,none,none,
compliant/compliant-pod-1609.yaml,Pod,0,none,none,
compliant/compliant-pod-1610.yaml,Pod,0,none,none,
compliant/compliant-pod-1611.yaml,Pod,0,none,none,
compliant/compliant-pod-1612.yaml,Pod,0,none,none,
compliant/compliant-pod-1613.yaml,Pod,0,none,none,
compliant/compliant-pod-1614.yaml,Pod,0,none,none,
compliant/compliant-pod-1615.yaml,Pod,0,none,none,
compliant/compliant-pod-1616.yaml,Pod,0,none,none,
compliant/compliant-pod-1617.yaml,Pod,0,none,none,
compliant/compliant-pod-1618.yaml,Pod,0,none,none,
compliant/compliant-pod-1619.yaml,Pod,0,none,none,
compliant/compliant-pod-1620.yaml,Pod,0,none,none,
compliant/compliant-pod-1621.yaml,Pod,0,none,none,
compliant/compliant-pod-1622.yaml,Pod,0,none,none,
compliant/compliant-pod-1623.yaml,Pod,0,none,none,
compliant/compliant-pod-1624.yaml,Pod,0,none,none,
compliant/compliant-pod-1625.yaml,Pod,0,none,none,
compliant/compliant-pod-1626.yaml,Pod,0,none,none,
compliant/compliant-pod-1627.yaml,Pod,0,none,none,
compliant/compliant-pod-1628.yaml,Pod,0,none,none,
compliant/compliant-pod-1629.yaml,Pod,0,none,none,
compliant/compliant-pod-1630.yaml,Pod,0,none,none,
compliant/compliant-pod-1631.yaml,Pod,0,none,none,
compliant/compliant-pod-1632.yaml,Pod,0,none,none,
compliant/compliant-pod-1633.yaml,Pod,0,none,none,
compliant/compliant-pod-1634.yaml,Pod,0,none,none,
compliant/compliant-pod-1635.yaml,Pod,0,none,none,
compliant/compliant-pod-1636.yaml,Pod,0,none,none,
compliant/compliant-pod-1637.yaml,Pod,0,none,none,
compliant/compliant-pod-1638.yaml,Pod,0,none,none,
compliant/compliant-pod-1639.yaml,Pod,0,none,none,
compliant/compliant-pod-1640.yaml,Pod,0,none,none,
compliant/compliant-pod-1641.yaml,Pod,0,none,none,
compliant/compliant-pod-1642.yaml,Pod,0,none,none,
compliant/compliant-pod-1643.yaml,Pod,0,none,none,
compliant/compliant-pod-1644.yaml,Pod,0,none,none,
compliant/compliant-pod-1645.yaml,Pod,0,none,none,
compliant/compliant-pod-1646.yaml,Pod,0,none,none,
compliant/compliant-pod-1647.yaml,Pod,0,none,none,
compliant/compliant-pod-1648.yaml,Pod,0,none,none,
compliant/compliant-pod-1649.yaml,Pod,0,none,none,
compliant/compliant-pod-1650.yaml,Pod,0,none,none,
compliant/compliant-pod-1651.yaml,Pod,0,none,none,
compliant/compliant-pod-1652.yaml,Pod,0,none,none,
compliant/compliant-pod-1653.yaml,Pod,0,none,none,
compliant/compliant-pod-1654.yaml,Pod,0,none,none,
compliant/compliant-pod-1655.yaml,Pod,0,none,none,
compliant/compliant-pod-1656.yaml,Pod,0,none,none,
compliant/compliant-pod-1657.yaml,Pod,0,none,none,
compliant/compliant-pod-1658.yaml,Pod,0,none,none,
compliant/compliant-pod-1659.yaml,Pod,0,none,none,
compliant/compliant-pod-1660.yaml,Pod,0,none,none,
compliant/compliant-pod-1661.yaml,Pod,0,none,none,
compliant/compliant-pod-1662.yaml,Pod,0,none,none,
compliant/compliant-pod-1663.yaml,Pod,0,none,none,
compliant/compliant-pod-1664.yaml,Pod,0,none,none,
compliant/compliant-pod-1665.yaml,Pod,0,none,none,
compliant/compliant-pod-1666.yaml,Pod,0,none,none,
compliant/compliant-pod-1667.yaml,Pod,0,none,none,
compliant/compliant-pod-1668.yaml,Pod,0,none,none,
compliant/compliant-pod-1669.yaml,Pod,0,none,none,
compliant/compliant-pod-1670.yaml,Pod,0,none,none,
compliant/compliant-pod-1671.yaml,Pod,0,none,none,
compliant/compliant-pod-1672.yaml,Pod,0,none,none,
compliant/compliant-pod-1673.yaml,Pod,0,none,none,
compliant/compliant-pod-1674.yaml,Pod,0,none,none,
compliant/compliant-pod-1675.yaml,Pod,0,none,none,
compliant/compliant-pod-1676.yaml,Pod,0,none,none,
compliant/compliant-pod-1677.yaml,Pod,0,none,none,
compliant/compliant-pod-1678.yaml,Pod,0,none,none,
compliant/compliant-pod-1679.yaml,Pod,0,none,none,
compliant/compliant-pod-1680.yaml,Pod,0,none,none,
compliant/compliant-pod-1681.yaml,Pod,0,none,none,
compliant/compliant-pod-1682.yaml,Pod,0,none,none,
compliant/compliant-pod-1683.yaml,Pod,0,none,none,
compliant/compliant-pod-1684.yaml,Pod,0,none,none,
compliant/compliant-pod-1685.yaml,Pod,0,none,none,
compliant/compliant-pod-1686.yaml,Pod,0,none,none,
compliant/compliant-pod-1687.yaml,Pod,0,none,none,
compliant/compliant-pod-1688.yaml,Pod,0,none,none,
compliant/compliant-pod-1689.yaml,Pod,0,none,none,
compliant/compliant-pod-1690.yaml,Pod,0,none,none,
compliant/compliant-pod-1691.yaml,Pod,0,none,none,
compliant/compliant-pod-1692.yaml,Pod,0,none,none,
compliant/compliant-pod-1693.yaml,Pod,0,none,none,
compliant/compliant-pod-1694.yaml,Pod,0,none,none,
compliant/compliant-pod-1695.yaml,Pod,0,none,none,
compliant/compliant-pod-1696.yaml,Pod,0,none,none,
compliant/compliant-pod-1697.yaml,Pod,0,none,none,
compliant/compliant-pod-1698.yaml,Pod,0,none,none,
compliant/compliant-pod-1699.yaml,Pod,0,none,none,
compliant/compliant-pod-1700.yaml,Pod,0,none,none,
compliant/compliant-pod-1701.yaml,Pod,0,none,none,
compliant/compliant-pod-1702.yaml,Pod,0,none,none,
compliant/compliant-pod-1703.yaml,Pod,0,none,none,
compliant/compliant-pod-1704.yaml,Pod,0,none,none,
compliant/compliant-pod-1705.yaml,Pod,0,none,none,
compliant/compliant-pod-1706.yaml,Pod,0,none,none,
compliant/compliant-pod-1707.yaml,Pod,0,none,none,
compliant/compliant-pod-1708.yaml,Pod,0,none,none,
compliant/compliant-pod-1709.yaml,Pod,0,none,none,
compliant/compliant-pod-1710.yaml,Pod,0,none,none,
compliant/compliant-pod-1711.yaml,Pod,0,none,none,
compliant/compliant-pod-1712.yaml,Pod,0,none,none,
compliant/compliant-pod-1713.yaml,Pod,0,none,none,
compliant/compliant-pod-1714.yaml,Pod,0,none,none,
compliant/compliant-pod-1715.yaml,Pod,0,none,none,
compliant/compliant-pod-1716.yaml,Pod,0,none,none,
compliant/compliant-pod-1717.yaml,Pod,0,none,none,
compliant/compliant-pod-1718.yaml,Pod,0,none,none,
compliant/compliant-pod-1719.yaml,Pod,0,none,none,
compliant/compliant-pod-1720.yaml,Pod,0,none,none,
compliant/compliant-pod-1721.yaml,Pod,0,none,none,
compliant/compliant-pod-1722.yaml,Pod,0,none,none,
compliant/compliant-pod-1723.yaml,Pod,0,none,none,
compliant/compliant-pod-1724.yaml,Pod,0,none,none,
compliant/compliant-pod-1725.yaml,Pod,0,none,none,
compliant/compliant-pod-1726.yaml,Pod,0,none,none,
compliant/compliant-pod-1727.yaml,Pod,0,none,none,
compliant/compliant-pod-1728.yaml,Pod,0,none,none,
compliant/compliant-pod-1729.yaml,Pod,0,none,none,
compliant/compliant-pod-1730.yaml,Pod,0,none,none,
compliant/compliant-pod-1731.yaml,Pod,0,none,none,
compliant/compliant-pod-1732.yaml,Pod,0,none,none,
compliant/compliant-pod-1733.yaml,Pod,0,none,none,
compliant/compliant-pod-1734.yaml,Pod,0,none,none,
compliant/compliant-pod-1735.yaml,Pod,0,none,none,
compliant/compliant-pod-1736.yaml,Pod,0,none,none,
compliant/compliant-pod-1737.yaml,Pod,0,none,none,
compliant/compliant-pod-1738.yaml,Pod,0,none,none,
compliant/compliant-pod-1739.yaml,Pod,0,none,none,
compliant/compliant-pod-1740.yaml,Pod,0,none,none,
compliant/compliant-pod-1741.yaml,Pod,0,none,none,
compliant/compliant-pod-1742.yaml,Pod,0,none,none,
compliant/compliant-pod-1743.yaml,Pod,0,none,none,
compliant/compliant-pod-1744.yaml,Pod,0,none,none,
compliant/compliant-pod-1745.yaml,Pod,0,none,none,
compliant/compliant-pod-1746.yaml,Pod,0,none,none,
compliant/compliant-pod-1747.yaml,Pod,0,none,none,
compliant/compliant-pod-1748.yaml,Pod,0,none,none,
compliant/compliant-pod-1749.yaml,Pod,0,none,none,
compliant/compliant-pod-1750.yaml,Pod,0,none,none,
compliant/compliant-pod-1751.yaml,Pod,0,none,none,
compliant/compliant-pod-1752.yaml,Pod,0,none,none,
compliant/compliant-pod-1753.yaml,Pod,0,none,none,
compliant/compliant-pod-1754.yaml,Pod,0,none,none,
compliant/compliant-pod-1755.yaml,Pod,0,none,none,
compliant/compliant-pod-1756.yaml,Pod,0,none,none,
compliant/compliant-pod-1757.yaml,Pod,0,none,none,
compliant/compliant-pod-1758.yaml,Pod,0,none,none,
compliant/compliant-pod-1759.yaml,Pod,0,none,none,
compliant/compliant-pod-1760.yaml,Pod,0,none,none,
compliant/compliant-pod-1761.yaml,Pod,0,none,none,
compliant/compliant-pod-1762.yaml,Pod,0,none,none,
compliant/compliant-pod-1763.yaml,Pod,0,none,none,
compliant/compliant-pod-1764.yaml,Pod,0,none,none,
compliant/compliant-pod-1765.yaml,Pod,0,none,none,
compliant/compliant-pod-1766.yaml,Pod,0,none,none,
compliant/compliant-pod-1767.yaml,Pod,0,none,none,
compliant/compliant-pod-1768.yaml,Pod,0,none,none,
compliant/compliant-pod-1769.yaml,Pod,0,none,none,
compliant/compliant-pod-1770.yaml,Pod,0,none,none,
compliant/compliant-pod-1771.yaml,Pod,0,none,none,
compliant/compliant-pod-1772.yaml,Pod,0,none,none,
compliant/compliant-pod-1773.yaml,Pod,0,none,none,
compliant/compliant-pod-1774.yaml,Pod,0,none,none,
compliant/compliant-pod-1775.yaml,Pod,0,none,none,
compliant/compliant-pod-1776.yaml,Pod,0,none,none,
compliant/compliant-pod-1777.yaml,Pod,0,none,none,
compliant/compliant-pod-1778.yaml,Pod,0,none,none,
compliant/compliant-pod-1779.yaml,Pod,0,none,none,
compliant/compliant-pod-1780.yaml,Pod,0,none,none,
compliant/compliant-pod-1781.yaml,Pod,0,none,none,
compliant/compliant-pod-1782.yaml,Pod,0,none,none,
compliant/compliant-pod-1783.yaml,Pod,0,none,none,
compliant/compliant-pod-1784.yaml,Pod,0,none,none,
compliant/compliant-pod-1785.yaml,Pod,0,none,none,
compliant/compliant-pod-1786.yaml,Pod,0,none,none,
compliant/compliant-pod-1787.yaml,Pod,0,none,none,
compliant/compliant-pod-1788.yaml,Pod,0,none,none,
compliant/compliant-pod-1789.yaml,Pod,0,none,none,
compliant/compliant-pod-1790.yaml,Pod,0,none,none,
compliant/compliant-pod-1791.yaml,Pod,0,none,none,
compliant/compliant-pod-1792.yaml,Pod,0,none,none,
compliant/compliant-pod-1793.yaml,Pod,0,none,none,
compliant/compliant-pod-1794.yaml,Pod,0,none,none,
compliant/compliant-pod-1795.yaml,Pod,0,none,none,
compliant/compliant-pod-1796.yaml,Pod,0,none,none,
compliant/compliant-pod-1797.yaml,Pod,0,none,none,
compliant/compliant-pod-1798.yaml,Pod,0,none,none,
compliant/compliant-pod-1799.yaml,Pod,0,none,none,
compliant/compliant-ingress-000.yaml,Ingress,0,none,none,
compliant/compliant-ingress-001.yaml,Ingress,0,none,none,
compliant/compliant-ingress-002.yaml,Ingress,0,none,none,
compliant/compliant-ingress-003.yaml,Ingress,0,none,none,
compliant/compliant-ingress-004.yaml,Ingress,0,none,none,
compliant/compliant-ingress-005.yaml,Ingress,0,none,none,
compliant/compliant-ingress-006.yaml,Ingress,0,none,none,
compliant/compliant-ingress-007.yaml,Ingress,0,none,none,
compliant/compliant-ingress-008.yaml,Ingress,0,none,none,
compliant/compliant-ingress-009.yaml,Ingress,0,none,none,
compliant/compliant-ingress-010.yaml,Ingress,0,none,none,
compliant/compliant-ingress-011.yaml,Ingress,0,none,none,
compliant/compliant-ingress-012.yaml,Ingress,0,none,none,
compliant/compliant-ingress-013.yaml,Ingress,0,none,none,
compliant/compliant-ingress-014.yaml,Ingress,0,none,none,
compliant/compliant-ingress-015.yaml,Ingress,0,none,none,
compliant/compliant-ingress-016.yaml,Ingress,0,none,none,
compliant/compliant-ingress-017.yaml,Ingress,0,none,none,
compliant/compliant-ingress-018.yaml,Ingress,0,none,none,
compliant/compliant-ingress-019.yaml,Ingress,0,none,none,
compliant/compliant-ingress-020.yaml,Ingress,0,none,none,
compliant/compliant-ingress-021.yaml,Ingress,0,none,none,
compliant/compliant-ingress-022.yaml,Ingress,0,none,none,
compliant/compliant-ingress-023.yaml,Ingress,0,none,none,
compliant/compliant-ingress-024.yaml,Ingress,0,none,none,
compliant/compliant-ingress-025.yaml,Ingress,0,none,none,
compliant/compliant-ingress-026.yaml,Ingress,0,none,none,
compliant/compliant-ingress-027.yaml,Ingress,0,none,none,
compliant/compliant-ingress-028.yaml,Ingress,0,none,none,
compliant/compliant-ingress-029.yaml,Ingress,0,none,none,
compliant/compliant-ingress-030.yaml,Ingress,0,none,none,
compliant/compliant-ingress-031.yaml,Ingress,0,none,none,
compliant/compliant-ingress-032.yaml,Ingress,0,none,none,
compliant/compliant-ingress-033.yaml,Ingress,0,none,none,
compliant/compliant-ingress-034.yaml,Ingress,0,none,none,
compliant/compliant-ingress-035.yaml,Ingress,0,none,none,
compliant/compliant-ingress-036.yaml,Ingress,0,none,none,
compliant/compliant-ingress-037.yaml,Ingress,0,none,none,
compliant/compliant-ingress-038.yaml,Ingress,0,none,none,
compliant/compliant-ingress-039.yaml,Ingress,0,none,none,
compliant/compliant-ingress-040.yaml,Ingress,0,none,none,
compliant/compliant-ingress-041.yaml,Ingress,0,none,none,
compliant/compliant-ingress-042.yaml,Ingress,0,none,none,
compliant/compliant-ingress-043.yaml,Ingress,0,none,none,
compliant/compliant-ingress-044.yaml,Ingress,0,none,none,
compliant/compliant-ingress-045.yaml,Ingress,0,none,none,
compliant/compliant-ingress-046.yaml,Ingress,0,none,none,
compliant/compliant-ingress-047.yaml,Ingress,0,none,none,
compliant/compliant-ingress-048.yaml,Ingress,0,none,none,
compliant/compliant-ingress-049.yaml,Ingress,0,none,none,
compliant/compliant-ingress-050.yaml,Ingress,0,none,none,
compliant/compliant-ingress-051.yaml,Ingress,0,none,none,
compliant/compliant-ingress-052.yaml,Ingress,0,none,none,
compliant/compliant-ingress-053.yaml,Ingress,0,none,none,
compliant/compliant-ingress-054.yaml,Ingress,0,none,none,
compliant/compliant-ingress-055.yaml,Ingress,0,none,none,
compliant/compliant-ingress-056.yaml,Ingress,0,none,none,
compliant/compliant-ingress-057.yaml,Ingress,0,none,none,
compliant/compliant-ingress-058.yaml,Ingress,0,none,none,
compliant/compliant-ingress-059.yaml,Ingress,0,none,none,
compliant/compliant-ingress-060.yaml,Ingress,0,none,none,
compliant/compliant-ingress-061.yaml,Ingress,0,none,none,
compliant/compliant-ingress-062.yaml,Ingress,0,none,none,
compliant/compliant-ingress-063.yaml,Ingress,0,none,none,
compliant/compliant-ingress-064.yaml,Ingress,0,none,none,
compliant/compliant-ingress-065.yaml,Ingress,0,none,none,
compliant/compliant-ingress-066.yaml,Ingress,0,none,none,
compliant/compliant-ingress-067.yaml,Ingress,0,none,none,
compliant/compliant-ingress-068.yaml,Ingress,0,none,none,
compliant/compliant-ingress-069.yaml,Ingress,0,none,none,
compliant/compliant-ingress-070.yaml,Ingress,0,none,none,
compliant/compliant-ingress-071.yaml,Ingress,0,none,none,
compliant/compliant-ingress-072.yaml,Ingress,0,none,none,
compliant/compliant-ingress-073.yaml,Ingress,0,none,none,
compliant/compliant-ingress-074.yaml,Ingress,0,none,none,
compliant/compliant-ingress-075.yaml,Ingress,0,none,none,
compliant/compliant-ingress-076.yaml,Ingress,0,none,none,
compliant/compliant-ingress-077.yaml,Ingress,0,none,none,
compliant/compliant-ingress-078.yaml,Ingress,0,none,none,
compliant/compliant-ingress-079.yaml,Ingress,0,none,none,
compliant/compliant-ingress-080.yaml,Ingress,0,none,none,
compliant/compliant-ingress-081.yaml,Ingress,0,none,none,
compliant/compliant-ingress-082.yaml,Ingress,0,none,none,
compliant/compliant-ingress-083.yaml,Ingress,0,none,none,
compliant/compliant-ingress-084.yaml,Ingress,0,none,none,
compliant/compliant-ingress-085.yaml,Ingress,0,none,none,
compliant/compliant-ingress-086.yaml,Ingress,0,none,none,
compliant/compliant-ingress-087.yaml,Ingress,0,none,none,
compliant/compliant-ingress-088.yaml,Ingress,0,none,none,
compliant/compliant-ingress-089.yaml,Ingress,0,none,none,
compliant/compliant-ingress-090.yaml,Ingress,0,none,none,
compliant/compliant-ingress-091.yaml,Ingress,0,none,none,
compliant/compliant-ingress-092.yaml,Ingress,0,none,none,
compliant/compliant-ingress-093.yaml,Ingress,0,none,none,
compliant/compliant-ingress-094.yaml,Ingress,0,none,none,
compliant/compliant-ingress-095.yaml,Ingress,0,none,none,
compliant/compliant-ingress-096.yaml,Ingress,0,none,none,
compliant/compliant-ingress-097.yaml,Ingress,0,none,none,
compliant/compliant-ingress-098.yaml,Ingress,0,none,none,
compliant/compliant-ingress-099.yaml,Ingress,0,none,none,
compliant/compliant-role-000.yaml,Role,0,none,none,
compliant/compliant-role-001.yaml,ClusterRole,0,none,none,
compliant/compliant-role-002.yaml,Role,0,none,none,
compliant/compliant-role-003.yaml,ClusterRole,0,none,none,
compliant/compliant-role-004.yaml,Role,0,none,none,
compliant/compliant-role-005.yaml,ClusterRole,0,none,none,
compliant/compliant-role-006.yaml,Role,0,none,none,
compliant/compliant-role-007.yaml,ClusterRole,0,none,none,
compliant/compliant-role-008.yaml,Role,0,none,none,
compliant/compliant-role-009.yaml,ClusterRole,0,none,none,
compliant/compliant-role-010.yaml,Role,0,none,none,
compliant/compliant-role-011.yaml,ClusterRole,0,none,none,
compliant/compliant-role-012.yaml,Role,0,none,none,
compliant/compliant-role-013.yaml,ClusterRole,0,none,none,
compliant/compliant-role-014.yaml,Role,0,none,none,
compliant/compliant-role-015.yaml,ClusterRole,0,none,none,
compliant/compliant-role-016.yaml,Role,0,none,none,
compliant/compliant-role-017.yaml,ClusterRole,0,none,none,
compliant/compliant-role-018.yaml,Role,0,none,none,
compliant/compliant-role-019.yaml,ClusterRole,0,none,none,
compliant/compliant-role-020.yaml,Role,0,none,none,
compliant/compliant-role-021.yaml,ClusterRole,0,none,none,
compliant/compliant-role-022.yaml,Role,0,none,none,
compliant/compliant-role-023.yaml,ClusterRole,0,none,none,
compliant/compliant-role-024.yaml,Role,0,none,none,
compliant/compliant-role-025.yaml,ClusterRole,0,none,none,
compliant/compliant-role-026.yaml,Role,0,none,none,
compliant/compliant-role-027.yaml,ClusterRole,0,none,none,
compliant/compliant-role-028.yaml,Role,0,none,none,
compliant/compliant-role-029.yaml,ClusterRole,0,none,none,
compliant/compliant-role-030.yaml,Role,0,none,none,
compliant/compliant-role-031.yaml,ClusterRole,0,none,none,
compliant/compliant-role-032.yaml,Role,0,none,none,
compliant/compliant-role-033.yaml,ClusterRole,0,none,none,
compliant/compliant-role-034.yaml,Role,0,none,none,
compliant/compliant-role-035.yaml,ClusterRole,0,none,none,
compliant/compliant-role-036.yaml,Role,0,none,none,
compliant/compliant-role-037.yaml,ClusterRole,0,none,none,
compliant/compliant-role-038.yaml,Role,0,none,none,
compliant/compliant-role-039.yaml,ClusterRole,0,none,none,
compliant/compliant-role-040.yaml,Role,0,none,none,
compliant/compliant-role-041.yaml,ClusterRole,0,none,none,
compliant/compliant-role-042.yaml,Role,0,none,none,
compliant/compliant-role-043.yaml,ClusterRole,0,none,none,
compliant/compliant-role-044.yaml,Role,0,none,none,
compliant/compliant-role-045.yaml,ClusterRole,0,none,none,
compliant/compliant-role-046.yaml,Role,0,none,none,
compliant/compliant-role-047.yaml,ClusterRole,0,none,none,
compliant/compliant-role-048.yaml,Role,0,none,none,
compliant/compliant-role-049.yaml,ClusterRole,0,none,none,
compliant/compliant-role-050.yaml,Role,0,none,none,
compliant/compliant-role-051.yaml,ClusterRole,0,none,none,
compliant/compliant-role-052.yaml,Role,0,none,none,
compliant/compliant-role-053.yaml,ClusterRole,0,none,none,
compliant/compliant-role-054.yaml,Role,0,none,none,
compliant/compliant-role-055.yaml,ClusterRole,0,none,none,
compliant/compliant-role-056.yaml,Role,0,none,none,
compliant/compliant-role-057.yaml,ClusterRole,0,none,none,
compliant/compliant-role-058.yaml,Role,0,none,none,
compliant/compliant-role-059.yaml,ClusterRole,0,none,none,
compliant/compliant-role-060.yaml,Role,0,none,none,
compliant/compliant-role-061.yaml,ClusterRole,0,none,none,
compliant/compliant-role-062.yaml,Role,0,none,none,
compliant/compliant-role-063.yaml,ClusterRole,0,none,none,
compliant/compliant-role-064.yaml,Role,0,none,none,
compliant/compliant-role-065.yaml,ClusterRole,0,none,none,
compliant/compliant-role-066.yaml,Role,0,none,none,
compliant/compliant-role-067.yaml,ClusterRole,0,none,none,
compliant/compliant-role-068.yaml,Role,0,none,none,
compliant/compliant-role-069.yaml,ClusterRole,0,none,none,
compliant/compliant-role-070.yaml,Role,0,none,none,
compliant/compliant-role-071.yaml,ClusterRole,0,none,none,
compliant/compliant-role-072.yaml,Role,0,none,none,
compliant/compliant-role-073.yaml,ClusterRole,0,none,none,
compliant/compliant-role-074.yaml,Role,0,none,none,
compliant/compliant-role-075.yaml,ClusterRole,0,none,none,
compliant/compliant-role-076.yaml,Role,0,none,none,
compliant/compliant-role-077.yaml,ClusterRole,0,none,none,
compliant/compliant-role-078.yaml,Role,0,none,none,
compliant/compliant-role-079.yaml,ClusterRole,0,none,none,
compliant/compliant-role-080.yaml,Role,0,none,none,
compliant/compliant-role-081.yaml,ClusterRole,0,none,none,
compliant/compliant-role-082.yaml,Role,0,none,none,
compliant/compliant-role-083.yaml,ClusterRole,0,none,none,
compliant/compliant-role-084.yaml,Role,0,none,none,
compliant/compliant-role-085.yaml,ClusterRole,0,none,none,
compliant/compliant-role-086.yaml,Role,0,none,none,
compliant/compliant-role-087.yaml,ClusterRole,0,none,none,
compliant/compliant-role-088.yaml,Role,0,none,none,
compliant/compliant-role-089.yaml,ClusterRole,0,none,none,
compliant/compliant-role-090.yaml,Role,0,none,none,
compliant/compliant-role-091.yaml,ClusterRole,0,none,none,
compliant/compliant-role-092.yaml,Role,0,none,none,
compliant/compliant-role-093.yaml,ClusterRole,0,none,none,
compliant/compliant-role-094.yaml,Role,0,none,none,
compliant/compliant-role-095.yaml,ClusterRole,0,none,none,
compliant/compliant-role-096.yaml,Role,0,none,none,
compliant/compliant-role-097.yaml,ClusterRole,0,none,none,
compliant/compliant-role-098.yaml,Role,0,none,none,
compliant/compliant-role-099.yaml,ClusterRole,0,none,none,
violations/network/viol-network-000.yaml,Pod,1,network,host_network,K8sNoHostNetwork
violations/network/viol-network-001.yaml,Pod,1,network,host_network,K8sNoHostNetwork
violations/network/viol-network-002.yaml,Pod,1,network,host_network,K8sNoHostNetwork
violations/network/viol-network-003.yaml,Pod,1,network,host_network,K8sNoHostNetwork
violations/network/viol-network-004.yaml,Pod,1,network,host_network,K8sNoHostNetwork
violations/network/viol-network-005.yaml,Pod,1,network,host_network,K8sNoHostNetwork
violations/network/viol-network-006.yaml,Pod,1,network,host_network,K8sNoHostNetwork
violations/network/viol-network-007.yaml,Pod,1,network,host_network,K8sNoHostNetwork
violations/network/viol-network-008.yaml,Pod,1,network,host_network,K8sNoHostNetwork
violations/network/viol-network-009.yaml,Pod,1,network,host_network,K8sNoHostNetwork
violations/network/viol-network-010.yaml,Pod,1,network,host_network,K8sNoHostNetwork
violations/network/viol-network-011.yaml,Pod,1,network,host_network,K8sNoHostNetwork
violations/network/viol-network-012.yaml,Pod,1,network,host_network,K8sNoHostNetwork
violations/network/viol-network-013.yaml,Pod,1,network,host_network,K8sNoHostNetwork
violations/network/viol-network-014.yaml,Pod,1,network,host_network,K8sNoHostNetwork
violations/network/viol-network-015.yaml,Pod,1,network,host_network,K8sNoHostNetwork
violations/network/viol-network-016.yaml,Pod,1,network,host_network,K8sNoHostNetwork
violations/network/viol-network-017.yaml,Pod,1,network,host_network,K8sNoHostNetwork
violations/network/viol-network-018.yaml,Pod,1,network,host_network,K8sNoHostNetwork
violations/network/viol-network-019.yaml,Pod,1,network,host_network,K8sNoHostNetwork
violations/network/viol-network-020.yaml,Pod,1,network,host_network,K8sNoHostNetwork
violations/network/viol-network-021.yaml,Pod,1,network,host_network,K8sNoHostNetwork
violations/network/viol-network-022.yaml,Pod,1,network,host_network,K8sNoHostNetwork
violations/network/viol-network-023.yaml,Pod,1,network,host_network,K8sNoHostNetwork
violations/network/viol-network-024.yaml,Pod,1,network,host_network,K8sNoHostNetwork
violations/network/viol-network-025.yaml,Pod,1,network,host_network,K8sNoHostNetwork
violations/network/viol-network-026.yaml,Pod,1,network,host_network,K8sNoHostNetwork
violations/network/viol-network-027.yaml,Pod,1,network,host_network,K8sNoHostNetwork
violations/network/viol-network-028.yaml,Pod,1,network,host_network,K8sNoHostNetwork
violations/network/viol-network-029.yaml,Pod,1,network,host_network,K8sNoHostNetwork
violations/network/viol-network-030.yaml,Pod,1,network,host_network,K8sNoHostNetwork
violations/network/viol-network-031.yaml,Pod,1,network,host_network,K8sNoHostNetwork
violations/network/viol-network-032.yaml,Pod,1,network,host_network,K8sNoHostNetwork
violations/network/viol-network-033.yaml,Pod,1,network,host_network,K8sNoHostNetwork
violations/network/viol-network-034.yaml,Pod,1,network,host_network,K8sNoHostNetwork
violations/network/viol-network-035.yaml,Pod,1,network,host_network,K8sNoHostNetwork
violations/network/viol-network-036.yaml,Pod,1,network,host_network,K8sNoHostNetwork
violations/network/viol-network-037.yaml,Pod,1,network,host_network,K8sNoHostNetwork
violations/network/viol-network-038.yaml,Pod,1,network,host_network,K8sNoHostNetwork
violations/network/viol-network-039.yaml,Pod,1,network,host_network,K8sNoHostNetwork
violations/secconfig/viol-secconfig-privileged-000.yaml,Pod,1,secconfig,privileged,K8sNoPrivileged
violations/secconfig/viol-secconfig-hostpath-001.yaml,Pod,1,secconfig,hostpath,K8sNoHostPath
violations/secconfig/viol-secconfig-run-as-root-002.yaml,Pod,1,secconfig,run_as_root,K8sNoRunAsRoot
violations/secconfig/viol-secconfig-privileged-003.yaml,Pod,1,secconfig,privileged,K8sNoPrivileged
violations/secconfig/viol-secconfig-hostpath-004.yaml,Pod,1,secconfig,hostpath,K8sNoHostPath
violations/secconfig/viol-secconfig-run-as-root-005.yaml,Pod,1,secconfig,run_as_root,K8sNoRunAsRoot
violations/secconfig/viol-secconfig-privileged-006.yaml,Pod,1,secconfig,privileged,K8sNoPrivileged
violations/secconfig/viol-secconfig-hostpath-007.yaml,Pod,1,secconfig,hostpath,K8sNoHostPath
violations/secconfig/viol-secconfig-run-as-root-008.yaml,Pod,1,secconfig,run_as_root,K8sNoRunAsRoot
violations/secconfig/viol-secconfig-privileged-009.yaml,Pod,1,secconfig,privileged,K8sNoPrivileged
violations/secconfig/viol-secconfig-hostpath-010.yaml,Pod,1,secconfig,hostpath,K8sNoHostPath
violations/secconfig/viol-secconfig-run-as-root-011.yaml,Pod,1,secconfig,run_as_root,K8sNoRunAsRoot
violations/secconfig/viol-secconfig-privileged-012.yaml,Pod,1,secconfig,privileged,K8sNoPrivileged
violations/secconfig/viol-secconfig-hostpath-013.yaml,Pod,1,secconfig,hostpath,K8sNoHostPath
violations/secconfig/viol-secconfig-run-as-root-014.yaml,Pod,1,secconfig,run_as_root,K8sNoRunAsRoot
violations/secconfig/viol-secconfig-privileged-015.yaml,Pod,1,secconfig,privileged,K8sNoPrivileged
violations/secconfig/viol-secconfig-hostpath-016.yaml,Pod,1,secconfig,hostpath,K8sNoHostPath
violations/secconfig/viol-secconfig-run-as-root-017.yaml,Pod,1,secconfig,run_as_root,K8sNoRunAsRoot
violations/secconfig/viol-secconfig-privileged-018.yaml,Pod,1,secconfig,privileged,K8sNoPrivileged
violations/secconfig/viol-secconfig-hostpath-019.yaml,Pod,1,secconfig,hostpath,K8sNoHostPath
violations/secconfig/viol-secconfig-run-as-root-020.yaml,Pod,1,secconfig,run_as_root,K8sNoRunAsRoot
violations/secconfig/viol-secconfig-privileged-021.yaml,Pod,1,secconfig,privileged,K8sNoPrivileged
violations/secconfig/viol-secconfig-hostpath-022.yaml,Pod,1,secconfig,hostpath,K8sNoHostPath
violations/secconfig/viol-secconfig-run-as-root-023.yaml,Pod,1,secconfig,run_as_root,K8sNoRunAsRoot
violations/secconfig/viol-secconfig-privileged-024.yaml,Pod,1,secconfig,privileged,K8sNoPrivileged
violations/secconfig/viol-secconfig-hostpath-025.yaml,Pod,1,secconfig,hostpath,K8sNoHostPath
violations/secconfig/viol-secconfig-run-as-root-026.yaml,Pod,1,secconfig,run_as_root,K8sNoRunAsRoot
violations/secconfig/viol-secconfig-privileged-027.yaml,Pod,1,secconfig,privileged,K8sNoPrivileged
violations/secconfig/viol-secconfig-hostpath-028.yaml,Pod,1,secconfig,hostpath,K8sNoHostPath
violations/secconfig/viol-secconfig-run-as-root-029.yaml,Pod,1,secconfig,run_as_root,K8sNoRunAsRoot
violations/secconfig/viol-secconfig-privileged-030.yaml,Pod,1,secconfig,privileged,K8sNoPrivileged
violations/secconfig/viol-secconfig-hostpath-031.yaml,Pod,1,secconfig,hostpath,K8sNoHostPath
violations/secconfig/viol-secconfig-run-as-root-032.yaml,Pod,1,secconfig,run_as_root,K8sNoRunAsRoot
violations/secconfig/viol-secconfig-privileged-033.yaml,Pod,1,secconfig,privileged,K8sNoPrivileged
violations/secconfig/viol-secconfig-hostpath-034.yaml,Pod,1,secconfig,hostpath,K8sNoHostPath
violations/secconfig/viol-secconfig-run-as-root-035.yaml,Pod,1,secconfig,run_as_root,K8sNoRunAsRoot
violations/secconfig/viol-secconfig-privileged-036.yaml,Pod,1,secconfig,privileged,K8sNoPrivileged
violations/secconfig/viol-secconfig-hostpath-037.yaml,Pod,1,secconfig,hostpath,K8sNoHostPath
violations/secconfig/viol-secconfig-run-as-root-038.yaml,Pod,1,secconfig,run_as_root,K8sNoRunAsRoot
violations/secconfig/viol-secconfig-privileged-039.yaml,Pod,1,secconfig,privileged,K8sNoPrivileged
violations/images/viol-images-000.yaml,Pod,1,images,unapproved_registry,K8sApprovedImages
violations/images/viol-images-001.yaml,Pod,1,images,unapproved_registry,K8sApprovedImages
violations/images/viol-images-002.yaml,Pod,1,images,unapproved_registry,K8sApprovedImages
violations/images/viol-images-003.yaml,Pod,1,images,unapproved_registry,K8sApprovedImages
violations/images/viol-images-004.yaml,Pod,1,images,unapproved_registry,K8sApprovedImages
violations/images/viol-images-005.yaml,Pod,1,images,unapproved_registry,K8sApprovedImages
violations/images/viol-images-006.yaml,Pod,1,images,unapproved_registry,K8sApprovedImages
violations/images/viol-images-007.yaml,Pod,1,images,unapproved_registry,K8sApprovedImages
violations/images/viol-images-008.yaml,Pod,1,images,unapproved_registry,K8sApprovedImages
violations/images/viol-images-009.yaml,Pod,1,images,unapproved_registry,K8sApprovedImages
violations/images/viol-images-010.yaml,Pod,1,images,unapproved_registry,K8sApprovedImages
violations/images/viol-images-011.yaml,Pod,1,images,unapproved_registry,K8sApprovedImages
violations/images/viol-images-012.yaml,Pod,1,images,unapproved_registry,K8sApprovedImages
violations/images/viol-images-013.yaml,Pod,1,images,unapproved_registry,K8sApprovedImages
violations/images/viol-images-014.yaml,Pod,1,images,unapproved_registry,K8sApprovedImages
violations/images/viol-images-015.yaml,Pod,1,images,unapproved_registry,K8sApprovedImages
violations/images/viol-images-016.yaml,Pod,1,images,unapproved_registry,K8sApprovedImages
violations/images/viol-images-017.yaml,Pod,1,images,unapproved_registry,K8sApprovedImages
violations/images/viol-images-018.yaml,Pod,1,images,unapproved_registry,K8sApprovedImages
violations/images/viol-images-019.yaml,Pod,1,images,unapproved_registry,K8sApprovedImages
violations/images/viol-images-020.yaml,Pod,1,images,unapproved_registry,K8sApprovedImages
violations/images/viol-images-021.yaml,Pod,1,images,unapproved_registry,K8sApprovedImages
violations/images/viol-images-022.yaml,Pod,1,images,unapproved_registry,K8sApprovedImages
violations/images/viol-images-023.yaml,Pod,1,images,unapproved_registry,K8sApprovedImages
violations/images/viol-images-024.yaml,Pod,1,images,unapproved_registry,K8sApprovedImages
violations/images/viol-images-025.yaml,Pod,1,images,unapproved_registry,K8sApprovedImages
violations/images/viol-images-026.yaml,Pod,1,images,unapproved_registry,K8sApprovedImages
violations/images/viol-images-027.yaml,Pod,1,images,unapproved_registry,K8sApprovedImages
violations/images/viol-images-028.yaml,Pod,1,images,unapproved_registry,K8sApprovedImages
violations/images/viol-images-029.yaml,Pod,1,images,unapproved_registry,K8sApprovedImages
violations/images/viol-images-030.yaml,Pod,1,images,unapproved_registry,K8sApprovedImages
violations/images/viol-images-031.yaml,Pod,1,images,unapproved_registry,K8sApprovedImages
violations/images/viol-images-032.yaml,Pod,1,images,unapproved_registry,K8sApprovedImages
violations/images/viol-images-033.yaml,Pod,1,images,unapproved_registry,K8sApprovedImages
violations/images/viol-images-034.yaml,Pod,1,images,unapproved_registry,K8sApprovedImages
violations/images/viol-images-035.yaml,Pod,1,images,unapproved_registry,K8sApprovedImages
violations/images/viol-images-036.yaml,Pod,1,images,unapproved_registry,K8sApprovedImages
violations/images/viol-images-037.yaml,Pod,1,images,unapproved_registry,K8sApprovedImages
violations/images/viol-images-038.yaml,Pod,1,images,unapproved_registry,K8sApprovedImages
violations/images/viol-images-039.yaml,Pod,1,images,unapproved_registry,K8sApprovedImages
violations/tls/viol-tls-missing-tls-000.yaml,Ingress,1,tls,missing_tls,K8sTLSIngress
violations/tls/viol-tls-tls-no-secret-001.yaml,Ingress,1,tls,tls_no_secret,K8sTLSIngress
violations/tls/viol-tls-missing-tls-002.yaml,Ingress,1,tls,missing_tls,K8sTLSIngress
violations/tls/viol-tls-tls-no-secret-003.yaml,Ingress,1,tls,tls_no_secret,K8sTLSIngress
violations/tls/viol-tls-missing-tls-004.yaml,Ingress,1,tls,missing_tls,K8sTLSIngress
violations/tls/viol-tls-tls-no-secret-005.yaml,Ingress,1,tls,tls_no_secret,K8sTLSIngress
violations/tls/viol-tls-missing-tls-006.yaml,Ingress,1,tls,missing_tls,K8sTLSIngress
violations/tls/viol-tls-tls-no-secret-007.yaml,Ingress,1,tls,tls_no_secret,K8sTLSIngress
violations/tls/viol-tls-missing-tls-008.yaml,Ingress,1,tls,missing_tls,K8sTLSIngress
violations/tls/viol-tls-tls-no-secret-009.yaml,Ingress,1,tls,tls_no_secret,K8sTLSIngress
violations/tls/viol-tls-missing-tls-010.yaml,Ingress,1,tls,missing_tls,K8sTLSIngress
violations/tls/viol-tls-tls-no-secret-011.yaml,Ingress,1,tls,tls_no_secret,K8sTLSIngress
violations/tls/viol-tls-missing-tls-012.yaml,Ingress,1,tls,missing_tls,K8sTLSIngress
violations/tls/viol-tls-tls-no-secret-013.yaml,Ingress,1,tls,tls_no_secret,K8sTLSIngress
violations/tls/viol-tls-missing-tls-014.yaml,Ingress,1,tls,missing_tls,K8sTLSIngress
violations/tls/viol-tls-tls-no-secret-015.yaml,Ingress,1,tls,tls_no_secret,K8sTLSIngress
violations/tls/viol-tls-missing-tls-016.yaml,Ingress,1,tls,missing_tls,K8sTLSIngress
violations/tls/viol-tls-tls-no-secret-017.yaml,Ingress,1,tls,tls_no_secret,K8sTLSIngress
violations/tls/viol-tls-missing-tls-018.yaml,Ingress,1,tls,missing_tls,K8sTLSIngress
violations/tls/viol-tls-tls-no-secret-019.yaml,Ingress,1,tls,tls_no_secret,K8sTLSIngress
violations/tls/viol-tls-missing-tls-020.yaml,Ingress,1,tls,missing_tls,K8sTLSIngress
violations/tls/viol-tls-tls-no-secret-021.yaml,Ingress,1,tls,tls_no_secret,K8sTLSIngress
violations/tls/viol-tls-missing-tls-022.yaml,Ingress,1,tls,missing_tls,K8sTLSIngress
violations/tls/viol-tls-tls-no-secret-023.yaml,Ingress,1,tls,tls_no_secret,K8sTLSIngress
violations/tls/viol-tls-missing-tls-024.yaml,Ingress,1,tls,missing_tls,K8sTLSIngress
violations/tls/viol-tls-tls-no-secret-025.yaml,Ingress,1,tls,tls_no_secret,K8sTLSIngress
violations/tls/viol-tls-missing-tls-026.yaml,Ingress,1,tls,missing_tls,K8sTLSIngress
violations/tls/viol-tls-tls-no-secret-027.yaml,Ingress,1,tls,tls_no_secret,K8sTLSIngress
violations/tls/viol-tls-missing-tls-028.yaml,Ingress,1,tls,missing_tls,K8sTLSIngress
violations/tls/viol-tls-tls-no-secret-029.yaml,Ingress,1,tls,tls_no_secret,K8sTLSIngress
violations/tls/viol-tls-missing-tls-030.yaml,Ingress,1,tls,missing_tls,K8sTLSIngress
violations/tls/viol-tls-tls-no-secret-031.yaml,Ingress,1,tls,tls_no_secret,K8sTLSIngress
violations/tls/viol-tls-missing-tls-032.yaml,Ingress,1,tls,missing_tls,K8sTLSIngress
violations/tls/viol-tls-tls-no-secret-033.yaml,Ingress,1,tls,tls_no_secret,K8sTLSIngress
violations/tls/viol-tls-missing-tls-034.yaml,Ingress,1,tls,missing_tls,K8sTLSIngress
violations/tls/viol-tls-tls-no-secret-035.yaml,Ingress,1,tls,tls_no_secret,K8sTLSIngress
violations/tls/viol-tls-missing-tls-036.yaml,Ingress,1,tls,missing_tls,K8sTLSIngress
violations/tls/viol-tls-tls-no-secret-037.yaml,Ingress,1,tls,tls_no_secret,K8sTLSIngress
violations/tls/viol-tls-missing-tls-038.yaml,Ingress,1,tls,missing_tls,K8sTLSIngress
violations/tls/viol-tls-tls-no-secret-039.yaml,Ingress,1,tls,tls_no_secret,K8sTLSIngress
violations/rbac/viol-rbac-wildcard-resources-000.yaml,Role,1,rbac,wildcard_resources,K8sNoWildcardRBAC
violations/rbac/viol-rbac-wildcard-verbs-001.yaml,Role,1,rbac,wildcard_verbs,K8sNoWildcardRBAC
violations/rbac/viol-rbac-wildcard-resources-002.yaml,ClusterRole,1,rbac,wildcard_resources,K8sNoWildcardRBAC
violations/rbac/viol-rbac-wildcard-verbs-003.yaml,ClusterRole,1,rbac,wildcard_verbs,K8sNoWildcardRBAC
violations/rbac/viol-rbac-wildcard-resources-004.yaml,Role,1,rbac,wildcard_resources,K8sNoWildcardRBAC
violations/rbac/viol-rbac-wildcard-verbs-005.yaml,Role,1,rbac,wildcard_verbs,K8sNoWildcardRBAC
violations/rbac/viol-rbac-wildcard-resources-006.yaml,ClusterRole,1,rbac,wildcard_resources,K8sNoWildcardRBAC
violations/rbac/viol-rbac-wildcard-verbs-007.yaml,ClusterRole,1,rbac,wildcard_verbs,K8sNoWildcardRBAC
violations/rbac/viol-rbac-wildcard-resources-008.yaml,Role,1,rbac,wildcard_resources,K8sNoWildcardRBAC
violations/rbac/viol-rbac-wildcard-verbs-009.yaml,Role,1,rbac,wildcard_verbs,K8sNoWildcardRBAC
violations/rbac/viol-rbac-wildcard-resources-010.yaml,ClusterRole,1,rbac,wildcard_resources,K8sNoWildcardRBAC
violations/rbac/viol-rbac-wildcard-verbs-011.yaml,ClusterRole,1,rbac,wildcard_verbs,K8sNoWildcardRBAC
violations/rbac/viol-rbac-wildcard-resources-012.yaml,Role,1,rbac,wildcard_resources,K8sNoWildcardRBAC
violations/rbac/viol-rbac-wildcard-verbs-013.yaml,Role,1,rbac,wildcard_verbs,K8sNoWildcardRBAC
violations/rbac/viol-rbac-wildcard-resources-014.yaml,ClusterRole,1,rbac,wildcard_resources,K8sNoWildcardRBAC
violations/rbac/viol-rbac-wildcard-verbs-015.yaml,ClusterRole,1,rbac,wildcard_verbs,K8sNoWildcardRBAC
violations/rbac/viol-rbac-wildcard-resources-016.yaml,Role,1,rbac,wildcard_resources,K8sNoWildcardRBAC
violations/rbac/viol-rbac-wildcard-verbs-017.yaml,Role,1,rbac,wildcard_verbs,K8sNoWildcardRBAC
violations/rbac/viol-rbac-wildcard-resources-018.yaml,ClusterRole,1,rbac,wildcard_resources,K8sNoWildcardRBAC
violations/rbac/viol-rbac-wildcard-verbs-019.yaml,ClusterRole,1,rbac,wildcard_verbs,K8sNoWildcardRBAC
violations/rbac/viol-rbac-wildcard-resources-020.yaml,Role,1,rbac,wildcard_resources,K8sNoWildcardRBAC
violations/rbac/viol-rbac-wildcard-verbs-021.yaml,Role,1,rbac,wildcard_verbs,K8sNoWildcardRBAC
violations/rbac/viol-rbac-wildcard-resources-022.yaml,ClusterRole,1,rbac,wildcard_resources,K8sNoWildcardRBAC
violations/rbac/viol-rbac-wildcard-verbs-023.yaml,ClusterRole,1,rbac,wildcard_verbs,K8sNoWildcardRBAC
violations/rbac/viol-rbac-wildcard-resources-024.yaml,Role,1,rbac,wildcard_resources,K8sNoWildcardRBAC
violations/rbac/viol-rbac-wildcard-verbs-025.yaml,Role,1,rbac,wildcard_verbs,K8sNoWildcardRBAC
violations/rbac/viol-rbac-wildcard-resources-026.yaml,ClusterRole,1,rbac,wildcard_resources,K8sNoWildcardRBAC
violations/rbac/viol-rbac-wildcard-verbs-027.yaml,ClusterRole,1,rbac,wildcard_verbs,K8sNoWildcardRBAC
violations/rbac/viol-rbac-wildcard-resources-028.yaml,Role,1,rbac,wildcard_resources,K8sNoWildcardRBAC
violations/rbac/viol-rbac-wildcard-verbs-029.yaml,Role,1,rbac,wildcard_verbs,K8sNoWildcardRBAC
violations/rbac/viol-rbac-wildcard-resources-030.yaml,ClusterRole,1,rbac,wildcard_resources,K8sNoWildcardRBAC
violations/rbac/viol-rbac-wildcard-verbs-031.yaml,ClusterRole,1,rbac,wildcard_verbs,K8sNoWildcardRBAC
violations/rbac/viol-rbac-wildcard-resources-032.yaml,Role,1,rbac,wildcard_resources,K8sNoWildcardRBAC
violations/rbac/viol-rbac-wildcard-verbs-033.yaml,Role,1,rbac,wildcard_verbs,K8sNoWildcardRBAC
violations/rbac/viol-rbac-wildcard-resources-034.yaml,ClusterRole,1,rbac,wildcard_resources,K8sNoWildcardRBAC
violations/rbac/viol-rbac-wildcard-verbs-035.yaml,ClusterRole,1,rbac,wildcard_verbs,K8sNoWildcardRBAC
violations/rbac/viol-rbac-wildcard-resources-036.yaml,Role,1,rbac,wildcard_resources,K8sNoWildcardRBAC
violations/rbac/viol-rbac-wildcard-verbs-037.yaml,Role,1,rbac,wildcard_verbs,K8sNoWildcardRBAC
violations/rbac/viol-rbac-wildcard-resources-038.yaml,ClusterRole,1,rbac,wildcard_resources,K8sNoWildcardRBAC
violations/rbac/viol-rbac-wildcard-verbs-039.yaml,ClusterRole,1,rbac,wildcard_verbs,K8sNoWildcardRBAC
